,date,T,Po,P,U,Td,water_level
0,2021-01-01,-12.024999999999999,754.55,773.1,72.75,-16.125,170.0
1,2021-01-02,-27.65,768.1,788.25,77.75,-30.325,171.5
2,2021-01-03,-24.75,769.75,789.625,77.5,-27.549999999999997,173.0
3,2021-01-04,-22.15,768.4,788.025,73.75,-25.6,173.0
4,2021-01-05,-24.85,776.25,796.225,67.5,-29.175,173.0
5,2021-01-06,-20.35,773.425,793.125,71.25,-24.25,175.0
6,2021-01-07,-21.25,771.325,791.0,75.0,-24.575,174.0
7,2021-01-08,-23.85,767.75,787.55,80.75,-26.25,155.0
8,2021-01-09,-20.05,761.575,780.9,80.25,-22.7,160.0
9,2021-01-10,-11.424999999999999,752.6,771.1,76.25,-14.85,160.0
10,2021-01-11,-13.0,745.375,763.775,75.25,-16.525,162.0
11,2021-01-12,-21.725,748.825,767.975,76.0,-24.875,160.0
12,2021-01-13,-21.8,746.425,765.475,84.0,-23.775,160.0
13,2021-01-14,-16.775,753.975,772.875,76.0,-20.075,160.0
14,2021-01-15,-13.975,760.6,779.45,67.75,-18.75,160.0
15,2021-01-16,-14.375,759.75,778.575,70.0,-18.75,160.0
16,2021-01-17,-7.125,744.175,762.125,66.25,-12.575,159.0
17,2021-01-18,-3.45,738.875,756.45,60.0,-10.425,159.0
18,2021-01-19,-9.875,740.7,758.775,68.5,-14.725000000000001,160.0
19,2021-01-20,-19.175,750.45,769.4250000000001,58.5,-25.4,160.0
20,2021-01-21,-23.8,750.35,769.675,83.25,-25.825,160.0
21,2021-01-22,-16.775,739.725,758.3,88.0,-18.325,160.0
22,2021-01-23,-12.675,749.9,768.4,68.75,-17.35,160.0
23,2021-01-24,-12.975,754.875,773.5,75.75,-16.625,159.0
24,2021-01-25,-24.225,762.25,781.925,72.25,-27.9,162.0
25,2021-01-26,-30.225,761.7,781.875,73.5,-33.425,161.0
26,2021-01-27,-26.175,753.7750000000001,773.4,79.25,-28.675,159.0
27,2021-01-28,-16.5,750.4,769.125,74.5,-20.075,160.0
28,2021-01-29,-16.475,746.4,765.1,83.0,-18.700000000000003,160.0
29,2021-01-30,-18.575,751.2,770.175,78.75,-21.375,159.0
30,2021-01-31,-30.466666666666665,765.4666666666667,785.6999999999999,73.33333333333333,-33.666666666666664,159.0
31,2021-02-01,-28.35,759.5,779.425,75.75,-31.325,136.0
32,2021-02-02,-23.025,754.275,773.65,81.75,-25.325,135.0
33,2021-02-03,-12.299999999999999,745.9333333333334,764.3333333333334,82.0,-14.766666666666666,142.0
34,2021-02-04,-6.375,740.8,758.6,81.75,-9.1,145.0
35,2021-02-05,-10.525,748.45,766.75,76.25,-14.0,146.5
36,2021-02-06,-10.425,749.3,767.625,86.0,-12.4,148.0
37,2021-02-07,-0.04999999999999993,744.85,762.4,69.5,-5.125,157.0
38,2021-02-08,0.625,743.275,760.625,68.0,-4.8,157.0
39,2021-02-09,4.45,730.8,747.65,54.5,-4.35,157.0
40,2021-02-10,-11.85,745.75,764.075,50.0,-20.425,157.0
41,2021-02-11,-18.7,754.6,773.675,58.75,-25.0,156.0
42,2021-02-12,-19.75,760.05,779.3,56.25,-26.425,156.0
43,2021-02-13,-21.25,759.5250000000001,778.875,73.75,-24.8,156.0
44,2021-02-14,-16.5,755.85,774.75,76.25,-19.75,157.0
45,2021-02-15,-15.85,756.075,774.95,84.0,-17.975,156.0
46,2021-02-16,-3.766666666666667,746.0333333333333,763.7666666666668,84.0,-6.2,158.0
47,2021-02-17,-1.1,742.9,760.4,96.0,-1.7,160.0
48,2021-02-18,-12.25,747.9,766.3,75.5,-15.85,189.0
49,2021-02-19,-14.575,738.575,756.9,86.5,-16.375,169.0
50,2021-02-20,-14.35,743.275,761.7,71.0,-18.65,185.0
51,2021-02-21,-16.9,756.075,775.025,69.5,-21.3,185.0
52,2021-02-22,-13.225,749.6,768.1,84.25,-15.450000000000001,185.0
53,2021-02-23,-14.475000000000001,753.675,772.375,65.5,-19.65,186.0
54,2021-02-24,-20.65,753.975,773.1,83.75,-22.7,186.0
55,2021-02-25,-13.775,743.525,761.925,76.25,-17.2,186.0
56,2021-02-26,-16.3,751.025,769.825,63.25,-21.975,186.0
57,2021-02-27,-19.425,757.1,776.225,62.75,-24.825,186.0
58,2021-02-28,-18.325000000000003,758.65,777.8,66.25,-23.25,186.0
59,2021-03-01,-21.599999999999998,750.0666666666666,769.2666666666668,84.66666666666667,-23.53333333333333,187.0
60,2021-03-02,-14.475000000000001,742.45,760.9,82.5,-16.85,186.0
61,2021-03-03,-16.675,746.975,765.7,71.75,-20.8,186.0
62,2021-03-04,-11.399999999999999,751.05,769.475,68.75,-16.35,187.0
63,2021-03-05,-1.4750000000000003,745.2,762.8,53.5,-10.175,192.5
64,2021-03-06,-0.35,744.85,762.375,57.0,-8.3,198.0
65,2021-03-07,-0.175,741.525,758.9,50.5,-9.625,203.0
66,2021-03-08,-5.550000000000001,746.6,764.5250000000001,59.75,-12.375,202.0
67,2021-03-09,0.2333333333333334,742.8666666666667,760.2666666666668,57.0,-7.666666666666667,199.0
68,2021-03-10,-5.166666666666667,747.1333333333333,765.0333333333333,62.666666666666664,-11.666666666666666,208.5
69,2021-03-11,-0.9749999999999996,740.6,758.025,64.25,-8.15,218.0
70,2021-03-12,-1.5,743.625,761.2,58.5,-9.125,215.0
71,2021-03-13,-8.725,742.275,760.3,55.5,-16.2,215.0
72,2021-03-14,-12.55,749.8,768.2,65.5,-17.7,219.0
73,2021-03-15,-10.075,752.575,770.95,68.75,-15.125,218.0
74,2021-03-16,-5.949999999999999,755.675,773.85,50.25,-14.925,219.0
75,2021-03-17,-7.025,757.15,775.425,58.5,-14.825,228.0
76,2021-03-18,-5.175000000000001,757.05,775.175,50.0,-14.7,228.0
77,2021-03-19,-4.5,759.3,777.4,60.5,-11.125,227.0
78,2021-03-20,-0.3750000000000002,750.825,768.425,45.75,-11.375,225.0
79,2021-03-21,4.625,738.9,756.0,36.5,-9.375,212.0
80,2021-03-22,2.875,743.05,760.325,76.0,-1.15,204.0
81,2021-03-23,2.3,743.95,761.275,71.0,-2.65,202.0
82,2021-03-24,0.19999999999999996,742.15,759.575,77.0,-3.5999999999999996,203.0
83,2021-03-25,0.5,743.8000000000001,761.2333333333332,57.333333333333336,-7.066666666666666,220.0
84,2021-03-26,-1.275,739.825,757.225,81.25,-4.2,244.0
85,2021-03-27,1.05,745.625,762.8,57.0,-7.05,231.0
86,2021-03-28,1.25,739.15,756.175,56.25,-6.75,230.0
87,2021-03-29,2.6333333333333333,736.6666666666666,753.6333333333333,68.66666666666667,-2.6333333333333333,229.0
88,2021-03-30,0.45,744.95,762.35,67.25,-5.425,229.0
89,2021-03-31,-1.375,750.275,767.95,62.25,-7.825,229.0
90,2021-04-01,-4.35,754.0999999999999,772.05,82.0,-7.05,230.0
91,2021-04-02,2.95,753.325,770.8499999999999,49.75,-7.875,231.0
92,2021-04-03,2.25,750.75,768.2,66.75,-4.025,245.0
93,2021-04-04,3.0999999999999996,751.775,769.2,80.5,-0.14999999999999997,245.0
94,2021-04-05,5.966666666666668,750.1333333333333,767.3666666666667,65.0,-0.7333333333333334,245.0
95,2021-04-06,8.975,748.45,765.45,55.25,-2.1,243.0
96,2021-04-07,6.449999999999999,749.75,766.925,63.75,-0.475,246.0
97,2021-04-08,2.3666666666666667,751.2333333333332,768.6999999999999,83.66666666666667,-0.3333333333333333,246.0
98,2021-04-09,3.3000000000000003,755.625,773.2,72.25,-2.025,245.0
99,2021-04-10,4.85,758.575,776.1,49.5,-6.65,245.0
100,2021-04-11,2.8,762.4000000000001,780.125,41.25,-12.15,245.0
101,2021-04-12,4.5,754.9000000000001,772.3,61.5,-2.9749999999999996,245.0
102,2021-04-13,4.175,749.275,766.575,76.75,0.19999999999999996,244.0
103,2021-04-14,3.2,748.8499999999999,766.225,70.25,-2.375,243.0
104,2021-04-15,3.05,749.4,766.8,72.5,-1.875,228.0
105,2021-04-16,8.833333333333334,743.5333333333333,760.4,55.333333333333336,-0.19999999999999998,214.0
106,2021-04-17,0.45,744.975,762.4,68.25,-5.7,231.0
107,2021-04-18,-0.07499999999999996,746.525,764.075,50.25,-10.275,246.0
108,2021-04-19,1.125,736.7,753.9000000000001,65.0,-5.0,245.0
109,2021-04-20,-5.1,747.175,765.075,54.5,-13.225,244.0
110,2021-04-21,-1.4,750.375,768.1,40.75,-14.524999999999999,243.0
111,2021-04-22,-0.7666666666666666,757.2333333333332,775.0666666666666,49.333333333333336,-11.233333333333334,233.0
112,2021-04-23,2.625,763.7,781.45,40.25,-11.775,230.0
113,2021-04-24,5.05,755.7,773.15,38.5,-8.375,207.0
114,2021-04-25,2.15,752.225,769.725,80.0,-1.15,208.0
115,2021-04-26,7.45,752.1,769.25,49.75,-2.7,200.0
116,2021-04-27,7.6000000000000005,748.7249999999999,765.8249999999999,57.5,-2.55,211.0
117,2021-04-28,8.025,742.825,759.7249999999999,71.5,2.175,235.0
118,2021-04-29,8.975,741.4,758.225,76.25,4.875,241.0
119,2021-04-30,9.925,738.775,755.475,56.5,0.6,255.0
120,2021-05-01,9.025,741.575,758.375,46.25,-3.975,260.0
121,2021-05-02,7.375,748.075,765.175,53.25,-2.225,258.0
122,2021-05-03,9.55,751.15,768.175,44.0,-2.55,258.0
123,2021-05-04,9.4,742.6,759.45,44.75,-2.575,256.0
124,2021-05-05,6.55,748.425,765.575,47.0,-4.875,254.0
125,2021-05-06,15.625,741.1,757.5,33.5,-0.8499999999999999,260.0
126,2021-05-07,15.524999999999999,736.675,753.0,51.75,4.4,261.0
127,2021-05-08,11.675,741.975,758.6,49.5,1.075,273.0
128,2021-05-09,7.225,744.25,761.25,68.25,1.3,271.0
129,2021-05-10,12.475,748.0,764.775,51.0,0.22499999999999998,270.0
130,2021-05-11,13.725000000000001,746.375,763.025,42.0,-2.05,267.0
131,2021-05-12,13.5,745.15,761.8,36.0,-3.25,261.0
132,2021-05-13,12.575,745.15,761.825,29.75,-7.075,259.0
133,2021-05-14,10.025,742.975,759.825,53.25,0.2500000000000002,268.0
134,2021-05-15,9.766666666666667,745.5666666666666,762.4,71.33333333333333,3.8000000000000003,260.0
135,2021-05-16,10.225,743.325,760.1,94.75,9.4,262.0
136,2021-05-17,7.15,742.75,759.6500000000001,95.0,6.449999999999999,266.0
137,2021-05-18,8.175,739.1,755.925,80.5,4.9,268.0
138,2021-05-19,9.8,736.8,753.5,57.5,-2.375,278.0
139,2021-05-20,9.433333333333334,737.3333333333334,754.1,28.666666666666668,-8.366666666666667,270.0
140,2021-05-21,9.175,745.575,762.525,42.0,-4.0,255.0
141,2021-05-22,9.3,748.175,765.175,43.25,-2.9,248.0
142,2021-05-23,12.575,746.975,763.725,59.75,4.475,246.0
143,2021-05-24,17.3,738.9666666666667,755.1999999999999,68.66666666666667,10.733333333333334,244.0
144,2021-05-25,14.6,741.35,757.825,59.5,5.925,260.0
145,2021-05-26,15.075,740.4,756.825,40.0,-1.775,260.0
146,2021-05-27,11.875,738.2,754.75,56.0,3.125,294.0
147,2021-05-28,11.766666666666666,735.5,752.0,77.33333333333333,7.666666666666667,319.0
148,2021-05-29,7.0249999999999995,746.875,763.9,57.5,-1.475,344.0
149,2021-05-30,8.6,749.1,766.125,50.5,-2.225,363.0
150,2021-05-31,11.95,748.075,764.875,48.75,-0.42499999999999993,363.0
151,2021-06-01,16.825,745.675,762.175,36.0,-1.15,362.0
152,2021-06-02,18.400000000000002,741.5,757.7666666666668,40.0,1.9333333333333333,405.0
153,2021-06-03,19.033333333333335,738.6,754.8333333333334,45.666666666666664,4.733333333333333,426.0
154,2021-06-04,17.975,735.65,751.775,56.0,9.0,448.0
155,2021-06-05,10.85,735.65,752.175,88.0,8.775,450.0
156,2021-06-06,13.024999999999999,742.15,758.75,69.0,7.2,452.0
157,2021-06-07,15.75,742.475,758.875,72.0,10.55,446.0
158,2021-06-08,18.366666666666664,740.9333333333334,757.1666666666666,74.0,12.1,452.0
159,2021-06-09,16.575,737.4,753.6500000000001,55.5,6.7,448.0
160,2021-06-10,11.225,744.2,760.95,48.25,-0.14999999999999997,446.0
161,2021-06-11,11.7,745.875,762.675,53.0,0.7,441.0
162,2021-06-12,13.575,744.575,761.1999999999999,47.25,0.775,442.0
163,2021-06-13,14.425,741.9,758.425,57.75,5.074999999999999,440.0
164,2021-06-14,15.375,742.75,759.175,62.25,7.15,438.0
165,2021-06-15,13.566666666666668,745.1999999999999,761.8333333333334,62.333333333333336,5.3999999999999995,435.0
166,2021-06-16,16.475,743.85,760.25,63.75,9.325,439.0
167,2021-06-17,18.966666666666665,742.1999999999999,758.3666666666667,68.0,11.9,404.0
168,2021-06-18,20.700000000000003,738.2,754.2,66.5,13.425,407.0
169,2021-06-19,20.866666666666667,735.7666666666668,751.6999999999999,73.66666666666667,14.299999999999999,408.0
170,2021-06-20,18.733333333333334,734.2333333333332,750.2666666666668,84.66666666666667,16.0,413.0
171,2021-06-21,12.95,741.325,757.875,84.75,10.125,419.0
172,2021-06-22,16.025,740.375,756.7,69.25,9.125,376.0
173,2021-06-23,15.2,740.9,757.3000000000001,78.25,11.175,384.0
174,2021-06-24,17.075,739.025,755.3,68.75,9.95,387.0
175,2021-06-25,16.35,736.675,752.925,75.5,11.5,385.0
176,2021-06-26,17.099999999999998,740.2666666666668,756.5333333333333,61.333333333333336,9.266666666666667,382.0
177,2021-06-27,15.95,742.3,758.725,70.75,10.225000000000001,380.0
178,2021-06-28,16.55,742.025,758.375,69.5,10.8,379.0
179,2021-06-29,16.0,741.1999999999999,757.5333333333333,91.0,14.533333333333333,355.0
180,2021-06-30,17.35,741.8499999999999,758.15,81.25,13.375,329.0
181,2021-07-01,17.6,742.1,758.425,68.25,10.175,330.0
182,2021-07-02,18.875,743.3,759.575,57.75,8.524999999999999,327.0
183,2021-07-03,21.225,740.7,756.775,56.0,11.3,320.0
184,2021-07-04,23.125,739.5,755.45,58.5,13.350000000000001,319.0
185,2021-07-05,25.575,737.1,752.825,57.25,15.375,317.0
186,2021-07-06,27.425,734.075,749.575,60.75,18.275,317.0
187,2021-07-07,23.05,735.65,751.45,73.5,17.724999999999998,317.0
188,2021-07-08,16.775,743.525,759.925,60.25,8.15,305.0
189,2021-07-09,17.099999999999998,742.95,759.3,67.75,10.475,294.0
190,2021-07-10,18.5,737.8,753.95,70.25,12.15,291.0
191,2021-07-11,20.625,736.0,752.0,61.0,11.275,290.0
192,2021-07-12,21.95,735.9,751.85,54.0,10.75,267.0
193,2021-07-13,22.9,736.1,751.975,59.75,13.85,266.0
194,2021-07-14,24.975,735.725,751.425,57.75,14.85,237.0
195,2021-07-15,22.825,736.9,752.725,70.0,16.725,236.0
196,2021-07-16,22.55,741.325,757.325,63.75,14.95,225.0
197,2021-07-17,19.65,740.4,756.5,74.5,14.6,223.0
198,2021-07-18,20.325,741.875,758.025,60.0,11.025,224.0
199,2021-07-19,19.0,738.2333333333332,754.3000000000001,65.66666666666667,12.1,224.0
200,2021-07-20,18.733333333333334,739.6666666666666,755.8333333333334,81.66666666666667,14.766666666666666,222.0
201,2021-07-21,20.025,739.275,755.375,74.25,14.85,221.0
202,2021-07-22,19.833333333333332,739.9666666666667,756.0666666666666,74.33333333333333,14.200000000000001,219.0
203,2021-07-23,21.925,741.675,757.75,60.0,12.575,216.0
204,2021-07-24,23.775,738.9749999999999,754.875,57.5,14.175,213.0
205,2021-07-25,24.125,738.725,754.55,62.0,15.8,220.0
206,2021-07-26,23.325,736.225,752.05,73.25,17.775,221.0
207,2021-07-27,22.075,735.725,751.6,77.5,17.875,213.0
208,2021-07-28,16.075,740.55,756.9000000000001,81.0,12.625,214.0
209,2021-07-29,17.174999999999997,741.25,757.575,74.75,12.200000000000001,213.0
210,2021-07-30,18.25,741.675,757.925,67.75,11.0,205.0
211,2021-07-31,19.8,744.7,760.925,64.0,11.9,214.5
212,2021-08-01,20.0,742.9,759.05,66.5,12.575,224.0
213,2021-08-02,18.599999999999998,739.4,755.5666666666666,79.0,14.533333333333333,198.0
214,2021-08-03,19.975,738.7,754.775,80.0,16.025,196.0
215,2021-08-04,22.075,739.725,755.6500000000001,73.75,16.625,205.0
216,2021-08-05,21.925,737.475,753.4,72.0,15.825,211.0
217,2021-08-06,20.5,737.875,753.875,75.75,15.774999999999999,214.0
218,2021-08-07,20.05,740.775,756.9,81.75,16.625,214.0
219,2021-08-08,19.775,742.15,758.275,83.0,16.65,210.0
220,2021-08-09,20.15,740.15,756.275,80.25,16.3,213.0
221,2021-08-10,20.325,739.375,755.425,81.25,16.65,211.0
222,2021-08-11,19.25,739.3,755.4,86.5,16.85,214.0
223,2021-08-12,21.575,739.75,755.725,72.25,15.475000000000001,219.0
224,2021-08-13,19.333333333333332,739.6333333333333,755.7333333333332,81.0,15.800000000000002,214.0
225,2021-08-14,16.575,739.4,755.7,89.0,14.7,213.0
226,2021-08-15,17.333333333333332,742.7333333333332,759.1,77.33333333333333,12.466666666666667,215.0
227,2021-08-16,17.9,746.175,762.575,70.5,11.575,219.0
228,2021-08-17,19.2,745.525,761.775,70.75,12.8,215.0
229,2021-08-18,18.625,743.825,760.075,65.75,11.1,204.0
230,2021-08-19,15.133333333333333,741.1,757.5333333333333,83.66666666666667,12.333333333333334,210.0
231,2021-08-20,15.1,740.55,756.95,78.75,11.049999999999999,226.0
232,2021-08-21,13.525,745.075,761.675,73.0,8.475,242.0
233,2021-08-22,15.55,752.05,768.625,61.75,7.475,230.0
234,2021-08-23,14.65,751.3,767.975,70.25,8.425,206.0
235,2021-08-24,16.325,750.375,766.875,73.25,10.8,225.0
236,2021-08-25,16.975,750.8,767.325,73.0,11.475,232.0
237,2021-08-26,19.15,748.8,765.15,72.75,13.5,238.0
238,2021-08-27,19.375,745.075,761.325,69.0,12.35,231.0
239,2021-08-28,18.175,739.3,755.5,71.25,12.2,218.0
240,2021-08-29,20.2,738.45,754.5,71.25,14.15,217.0
241,2021-08-30,19.95,738.675,754.8,72.25,14.1,213.0
242,2021-08-31,17.575,740.5,756.75,58.75,9.175,232.0
243,2021-09-01,13.0,743.275,759.875,70.25,7.325,222.0
244,2021-09-02,12.975,748.675,765.4,65.0,5.75,224.0
245,2021-09-03,10.875,752.475,769.425,66.75,4.0,231.0
246,2021-09-04,11.1,754.05,771.05,63.0,3.225,234.0
247,2021-09-05,11.3,752.1,769.05,60.75,2.675,243.0
248,2021-09-06,10.95,747.475,764.35,57.5,1.825,241.0
249,2021-09-07,8.9,746.9333333333334,763.8666666666667,72.66666666666667,3.4,240.0
250,2021-09-08,12.35,743.5,760.15,68.75,6.05,238.0
251,2021-09-09,11.4,736.0666666666666,752.5666666666666,81.66666666666667,8.299999999999999,241.0
252,2021-09-10,11.6,743.3666666666667,760.0333333333333,60.0,4.0,246.0
253,2021-09-11,12.649999999999999,742.75,759.4,62.75,3.8499999999999996,239.0
254,2021-09-12,14.299999999999999,738.075,754.525,64.5,6.95,224.0
255,2021-09-13,10.975,742.875,759.55,66.25,4.025,240.0
256,2021-09-14,8.75,746.55,763.525,68.25,2.875,246.0
257,2021-09-15,7.55,746.675,763.675,78.25,3.575,242.0
258,2021-09-16,9.4,743.45,760.25,94.25,8.55,240.0
259,2021-09-17,12.675,741.025,757.6,91.25,11.274999999999999,238.0
260,2021-09-18,13.774999999999999,737.25,753.675,78.5,9.2,238.0
261,2021-09-19,12.125,740.225,756.8,83.5,9.2,244.0
262,2021-09-20,9.475,738.675,755.35,81.75,6.375,243.0
263,2021-09-21,7.125,741.875,758.85,70.5,1.975,236.0
264,2021-09-22,4.875,745.1,762.25,82.75,2.075,235.0
265,2021-09-23,4.4,747.65,764.9,88.5,2.625,210.0
266,2021-09-24,4.725,749.7,766.95,82.25,1.6,235.0
267,2021-09-25,5.166666666666667,750.9,768.1666666666666,83.66666666666667,2.3333333333333335,239.0
268,2021-09-26,5.825,746.55,763.675,75.5,1.275,223.0
269,2021-09-27,5.4,747.2,764.4,77.75,1.375,227.0
270,2021-09-28,5.375,748.75,765.95,73.75,0.975,233.0
271,2021-09-29,5.825,747.4,764.55,80.25,2.525,225.0
272,2021-09-30,6.3,742.95,759.95,77.75,2.325,238.0
273,2021-10-01,5.2,737.3666666666667,754.3333333333334,91.66666666666667,3.9000000000000004,227.0
274,2021-10-02,5.175,743.625,760.75,80.0,1.8,224.0
275,2021-10-03,3.45,751.45,768.825,81.75,0.22500000000000003,233.0
276,2021-10-04,2.65,754.575,772.025,77.5,-1.35,227.0
277,2021-10-05,3.725,752.825,770.25,72.0,-1.4,223.0
278,2021-10-06,2.4250000000000003,752.2,769.725,75.0,-2.075,230.0
279,2021-10-07,1.5500000000000003,750.625,768.15,73.25,-3.15,233.0
280,2021-10-08,3.5,750.35,767.725,86.0,1.35,237.0
281,2021-10-09,7.375,746.425,763.425,69.75,1.925,230.0
282,2021-10-10,8.675,744.5,761.4,57.0,0.4,222.0
283,2021-10-11,3.225,747.85,765.15,84.5,0.6499999999999999,235.0
284,2021-10-12,-1.9249999999999998,753.1,770.9,82.0,-4.625,233.0
285,2021-10-13,-1.625,759.925,777.85,75.25,-5.825,225.0
286,2021-10-14,-0.9000000000000001,764.95,782.925,72.0,-5.95,243.0
287,2021-10-15,-2.5,764.6500000000001,782.75,80.0,-5.825,242.0
288,2021-10-16,1.15,757.525,775.175,76.75,-3.025,244.0
289,2021-10-17,2.05,753.6,771.1,75.75,-2.175,246.0
290,2021-10-18,3.625,751.4,768.825,73.75,-1.25,246.0
291,2021-10-19,4.5,752.9,770.25,77.25,0.4,241.0
292,2021-10-20,5.075,752.025,769.325,71.75,-0.32500000000000007,216.0
293,2021-10-21,5.55,746.1500000000001,763.325,67.0,-1.4,240.0
294,2021-10-22,3.1500000000000004,744.4,761.7,75.5,-0.8500000000000001,222.0
295,2021-10-23,6.075,750.775,768.025,49.5,-4.075,231.0
296,2021-10-24,7.25,744.975,762.0,67.5,1.4,234.0
297,2021-10-25,7.875,745.95,762.925,77.25,3.975,219.0
298,2021-10-26,9.55,743.25,760.075,57.0,1.4,223.0
299,2021-10-27,6.975,742.7,759.725,43.25,-4.875,233.0
300,2021-10-28,0.22499999999999998,753.4,771.1,48.25,-9.6,232.0
301,2021-10-29,-1.4666666666666668,751.8666666666667,769.6,71.33333333333333,-6.466666666666666,233.0
302,2021-10-30,7.2,747.4,764.475,51.25,-2.65,225.0
303,2021-10-31,-0.07499999999999998,747.45,764.975,65.5,-5.875,236.0
304,2021-11-01,0.125,742.0999999999999,759.5,74.0,-4.05,247.0
305,2021-11-02,-1.7000000000000002,735.775,753.15,83.25,-4.3,230.0
306,2021-11-03,-12.975,747.275,765.7,73.25,-16.8,230.0
307,2021-11-04,-15.6,759.85,778.8,66.75,-20.425,216.0
308,2021-11-05,-9.675,759.625,778.15,61.75,-15.775,223.0
309,2021-11-06,-2.475,755.05,772.975,71.75,-6.95,223.0
310,2021-11-07,0.5,753.25,770.9,68.0,-4.800000000000001,222.0
311,2021-11-08,5.95,748.575,765.75,34.25,-9.975,216.0
312,2021-11-09,4.575,753.125,770.5250000000001,38.5,-9.225,232.0
313,2021-11-10,3.525,750.775,768.225,49.25,-7.5,226.0
314,2021-11-11,4.699999999999999,744.55,761.75,63.75,-3.4,224.0
315,2021-11-12,1.175,746.0,763.4,87.5,-0.8250000000000001,217.0
316,2021-11-13,0.6749999999999999,743.775,761.15,91.75,-0.55,221.0
317,2021-11-14,0.85,744.025,761.425,78.25,-2.625,232.0
318,2021-11-15,1.225,740.025,757.325,80.0,-2.0,240.0
319,2021-11-16,-2.6999999999999997,745.3,762.975,78.5,-6.075,226.0
320,2021-11-17,-6.6000000000000005,746.1,764.0666666666666,88.0,-8.366666666666667,227.0
321,2021-11-18,-5.5,740.4666666666667,758.2333333333332,77.33333333333333,-9.166666666666666,213.0
322,2021-11-19,-8.725,749.5,767.6750000000001,59.0,-15.774999999999999,222.0
323,2021-11-20,-11.7,757.05,775.65,67.25,-16.65,235.0
324,2021-11-21,-6.125,752.925,771.0,81.25,-8.925,235.0
325,2021-11-22,-2.8,743.425,761.05,69.0,-8.15,220.0
326,2021-11-23,1.4333333333333333,739.9,757.1333333333333,56.333333333333336,-6.6000000000000005,216.0
327,2021-11-24,0.575,739.525,756.8499999999999,62.5,-5.9,217.0
328,2021-11-25,-3.85,741.575,759.225,84.75,-6.1499999999999995,227.0
329,2021-11-26,-5.699999999999999,741.975,759.75,77.25,-9.15,227.0
330,2021-11-27,-8.25,757.9,776.275,67.0,-13.4,216.0
331,2021-11-28,-5.025,752.5,770.5,80.5,-7.95,223.0
332,2021-11-29,-3.15,755.775,773.725,76.25,-6.8,226.0
333,2021-11-30,-1.175,751.075,768.8,59.5,-8.2,220.0
334,2021-12-01,-1.2,750.625,768.275,48.75,-10.8,227.0
335,2021-12-02,0.5249999999999999,749.35,766.95,53.0,-8.275,217.0
336,2021-12-03,2.5,742.85,760.1,37.0,-11.125,220.0
337,2021-12-04,1.5,742.925,760.275,69.75,-3.9,220.0
338,2021-12-05,-1.925,751.15,768.925,67.5,-7.2,224.0
339,2021-12-06,1.5333333333333332,745.4333333333334,762.8666666666667,66.33333333333333,-4.133333333333334,232.0
340,2021-12-07,2.775,743.25,760.525,64.5,-3.375,227.0
341,2021-12-08,-4.875,750.1,768.05,70.75,-9.475,231.0
342,2021-12-09,-11.775,758.65,777.25,74.0,-15.549999999999999,224.0
343,2021-12-10,-10.375,759.575,778.15,69.75,-14.925,228.5
344,2021-12-11,-8.0,759.35,777.725,71.5,-12.375,233.0
345,2021-12-12,-4.075,746.25,764.075,70.25,-8.925,225.0
346,2021-12-13,-12.566666666666668,749.9333333333334,768.4333333333334,68.0,-17.3,218.0
347,2021-12-14,-16.15,753.0,771.85,84.5,-18.175,223.0
348,2021-12-15,-18.175,759.475,778.575,84.75,-20.15,230.0
349,2021-12-16,-10.95,752.5,770.95,75.25,-14.625,223.0
350,2021-12-17,-6.0,747.75,765.7,77.75,-9.325,222.5
351,2021-12-18,-3.15,738.65,756.175,87.5,-5.025,222.0
352,2021-12-19,-7.75,743.825,761.75,78.75,-10.875,229.0
353,2021-12-20,-18.45,748.525,767.4,84.25,-20.475,230.0
354,2021-12-21,-23.5,753.95,773.3,79.25,-26.125,232.0
355,2021-12-22,-22.75,760.875,780.425,78.5,-25.475,217.0
356,2021-12-23,-23.85,760.1500000000001,779.75,76.75,-26.8,226.0
357,2021-12-24,-21.7,761.125,780.575,78.25,-24.5,213.5
358,2021-12-25,-17.5,761.925,781.05,86.25,-19.25,201.0
359,2021-12-26,-18.15,757.0,776.05,89.0,-19.55,188.0
360,2021-12-27,-16.7,759.2333333333332,778.2333333333332,86.66666666666667,-18.366666666666667,173.0
361,2021-12-28,-12.625,759.1,777.7750000000001,90.75,-13.85,170.0
362,2021-12-29,-7.575,755.325,773.6,90.75,-8.9,170.0
363,2021-12-30,-6.466666666666666,749.1666666666666,767.1666666666666,83.0,-9.0,169.0
364,2021-12-31,-14.05,757.95,776.75,65.0,-19.275,169.5
365,2022-01-01,-14.475,757.425,776.175,73.0,-18.4,170.0
366,2022-01-02,-10.25,751.725,770.075,66.25,-15.575,157.5
367,2022-01-03,-5.45,746.125,764.0,66.5,-10.825,145.0
368,2022-01-04,-6.175000000000001,743.725,761.6,82.0,-8.95,142.5
369,2022-01-05,-3.475,743.425,761.1,66.75,-9.25,140.0
370,2022-01-06,-4.5,751.5999999999999,769.525,78.25,-7.775,140.5
371,2022-01-07,-11.65,759.9,778.575,79.75,-14.525,141.0
372,2022-01-08,-17.049999999999997,758.95,777.975,89.75,-18.35,140.5
373,2022-01-09,-8.05,750.3249999999999,768.475,76.75,-11.825,140.0
374,2022-01-10,-4.35,752.375,770.325,66.25,-9.8,140.0
375,2022-01-11,-9.925,758.725,777.2,66.5,-15.149999999999999,140.0
376,2022-01-12,-7.925,749.5,767.625,49.75,-16.8,140.0
377,2022-01-13,-14.366666666666667,748.4666666666667,767.0333333333333,83.0,-16.666666666666668,140.0
378,2022-01-14,-19.725,754.1500000000001,773.325,87.0,-21.35,140.0
379,2022-01-15,-19.85,751.5,770.55,87.5,-21.4,140.0
380,2022-01-16,-10.875,746.15,764.4,85.0,-13.025,139.0
381,2022-01-17,-2.7750000000000004,744.975,762.725,85.75,-4.975,138.0
382,2022-01-18,-1.1749999999999998,749.575,767.225,77.25,-4.75,132.0
383,2022-01-19,-9.45,753.325,771.625,82.25,-12.0,132.0
384,2022-01-20,-14.899999999999999,754.275,772.975,90.5,-16.125,132.0
385,2022-01-21,-12.025,757.4,776.0250000000001,88.0,-13.625,130.0
386,2022-01-22,-13.55,757.575,776.3,91.5,-14.675,130.0
387,2022-01-23,-14.025,757.85,776.625,88.0,-15.625,131.0
388,2022-01-24,-14.625,758.05,776.875,82.0,-17.075,130.0
389,2022-01-25,-11.625,756.675,775.225,77.25,-14.85,130.0
390,2022-01-26,-10.325,754.55,772.925,86.25,-12.25,130.0
391,2022-01-27,-11.075,756.925,775.45,88.25,-12.725,130.0
392,2022-01-28,-16.825,759.5,778.525,91.0,-18.0,130.0
393,2022-01-29,-17.825,757.5250000000001,776.575,88.0,-19.325,130.0
394,2022-01-30,-16.425,758.05,777.05,88.75,-17.875,130.0
395,2022-01-31,-17.1,757.775,776.775,88.0,-18.65,130.0
396,2022-02-01,-15.5,759.175,778.075,87.5,-17.125,129.0
397,2022-02-02,-16.375,760.275,779.3,88.0,-17.924999999999997,129.0
398,2022-02-03,-15.8,761.35,780.325,83.0,-18.1,129.0
399,2022-02-04,-12.15,761.65,780.4,77.75,-15.5,129.0
400,2022-02-05,-5.933333333333334,756.6,774.7666666666668,57.333333333333336,-13.233333333333334,130.0
401,2022-02-06,-3.3,753.975,771.925,43.75,-14.2,130.0
402,2022-02-07,-4.825,750.025,767.95,43.0,-15.675,130.0
403,2022-02-08,-11.5,754.05,772.575,78.25,-14.6,129.0
404,2022-02-09,-21.15,761.075,780.5,73.5,-24.674999999999997,128.0
405,2022-02-10,-23.25,765.05,784.7,75.25,-26.474999999999998,129.0
406,2022-02-11,-22.55,763.05,782.65,77.5,-25.45,130.0
407,2022-02-12,-20.875,761.725,781.125,80.0,-23.45,130.0
408,2022-02-13,-19.275,756.525,775.65,73.5,-22.925,130.0
409,2022-02-14,-18.650000000000002,753.6,772.6,70.25,-22.8,130.0
410,2022-02-15,-15.375,749.3,767.95,74.5,-19.05,130.0
411,2022-02-16,-11.875,749.9,768.3,77.75,-15.200000000000001,130.0
412,2022-02-17,-11.875,757.825,776.4250000000001,59.75,-18.35,129.0
413,2022-02-18,-9.625,755.9,774.3,70.5,-14.149999999999999,129.0
414,2022-02-19,-5.449999999999999,756.425,774.55,78.25,-8.85,129.0
415,2022-02-20,-8.649999999999999,759.025,777.45,79.75,-11.75,128.0
416,2022-02-21,-8.4,756.425,774.75,78.25,-11.825,130.0
417,2022-02-22,-4.7,749.55,767.45,66.0,-11.525,129.0
418,2022-02-23,-2.125,746.225,763.875,64.25,-8.425,128.0
419,2022-02-24,-2.25,751.6500000000001,769.45,69.75,-7.25,129.0
420,2022-02-25,-0.5249999999999999,747.3,764.9,66.25,-6.425000000000001,130.0
421,2022-02-26,-2.125,747.85,765.55,74.5,-6.15,128.0
422,2022-02-27,-3.2,753.575,771.4250000000001,64.75,-9.125,129.0
423,2022-02-28,-2.7,748.375,766.15,56.0,-10.9,129.0
424,2022-03-01,-3.5,745.5,763.225,67.25,-9.1,130.0
425,2022-03-02,-2.775,736.725,754.2,65.0,-9.025,130.0
426,2022-03-03,-7.550000000000001,745.875,763.875,66.0,-13.025,130.0
427,2022-03-04,-3.525,744.975,762.65,71.75,-8.05,130.0
428,2022-03-05,-1.625,740.85,758.375,62.75,-7.9,130.0
429,2022-03-06,-3.3333333333333335,740.6,758.1999999999999,87.33333333333333,-5.2,130.0
430,2022-03-07,4.725,734.975,751.925,63.25,-1.775,129.0
431,2022-03-08,3.175,737.225,754.3,61.5,-3.7750000000000004,129.0
432,2022-03-09,-7.825,748.7,766.825,53.25,-16.125,131.0
433,2022-03-10,-10.725,754.525,773.0,64.25,-16.575,130.0
434,2022-03-11,-13.133333333333333,755.5,774.1333333333332,58.0,-20.0,130.0
435,2022-03-12,-15.6,754.3499999999999,773.15,62.0,-21.45,130.0
436,2022-03-13,-16.425,755.075,773.975,65.0,-21.75,130.0
437,2022-03-14,-14.9,754.6,773.375,59.75,-21.475,131.0
438,2022-03-15,-13.55,757.5,776.225,61.5,-19.75,131.0
439,2022-03-16,-10.9,753.325,771.775,61.75,-17.475,131.0
440,2022-03-17,-8.275,754.025,772.3,52.75,-16.95,130.0
441,2022-03-18,-5.8,752.35,770.4,54.75,-14.25,130.0
442,2022-03-19,-5.35,751.95,769.95,64.75,-11.175,129.0
443,2022-03-20,-3.125,750.7,768.525,55.0,-11.55,130.0
444,2022-03-21,-0.5,746.7666666666668,764.3333333333334,38.333333333333336,-13.533333333333333,130.0
445,2022-03-22,-1.3250000000000002,743.325,760.875,53.75,-10.2,130.0
446,2022-03-23,-0.9,735.9000000000001,753.225,64.25,-6.925000000000001,130.0
447,2022-03-24,-2.175,738.9,756.375,65.0,-8.575,130.0
448,2022-03-25,-1.8,743.675,761.275,63.25,-8.125,130.0
449,2022-03-26,-0.3500000000000001,742.1,759.525,64.25,-7.05,130.0
450,2022-03-27,-3.5500000000000003,746.375,764.125,48.25,-13.55,130.0
451,2022-03-28,-4.35,748.95,766.875,53.0,-13.899999999999999,131.0
452,2022-03-29,-1.4500000000000002,750.825,768.55,49.25,-12.075,132.0
453,2022-03-30,2.85,751.575,769.025,55.5,-6.4,132.0
454,2022-03-31,4.4,755.525,772.95,51.25,-5.075,131.0
455,2022-04-01,8.65,751.125,768.25,43.25,-3.5999999999999996,132.0
456,2022-04-02,6.5,743.35,760.375,53.0,-3.175,132.0
457,2022-04-03,-0.8,750.625,768.325,74.0,-5.175,132.0
458,2022-04-04,-0.55,753.425,771.15,68.0,-6.5,132.0
459,2022-04-05,7.25,748.525,765.625,63.75,-0.07499999999999996,132.0
460,2022-04-06,12.399999999999999,742.175,758.8,48.25,0.75,132.0
461,2022-04-07,8.525,741.3,758.2,47.5,-3.05,125.0
462,2022-04-08,1.6,743.35,760.75,64.0,-5.15,126.0
463,2022-04-09,2.95,742.75,759.95,71.5,-1.9,126.0
464,2022-04-10,1.625,749.9,767.375,76.75,-2.075,126.0
465,2022-04-11,-0.0500000000000001,756.9,774.675,57.75,-8.175,125.0
466,2022-04-12,-0.925,757.0749999999999,774.925,70.75,-5.8500000000000005,120.0
467,2022-04-13,1.525,760.575,778.375,56.5,-7.425,120.0
468,2022-04-14,4.7250000000000005,760.65,778.2,41.5,-11.625,119.0
469,2022-04-15,7.575,753.9,771.1,34.25,-11.15,117.0
470,2022-04-16,10.0,750.6,767.5333333333333,39.666666666666664,-4.5,119.0
471,2022-04-17,15.125,744.6,761.2,29.75,-5.2,120.0
472,2022-04-18,12.149999999999999,742.65,759.325,36.25,-2.875,135.0
473,2022-04-19,5.033333333333333,743.2333333333332,760.4,31.333333333333332,-11.433333333333332,141.0
474,2022-04-20,4.975,743.175,760.3,44.25,-6.725,138.0
475,2022-04-21,6.825,739.575,756.475,47.0,-4.25,137.0
476,2022-04-22,4.725,732.75,749.625,84.75,2.175,135.0
477,2022-04-23,-2.325,744.275,761.9000000000001,45.75,-12.975,135.0
478,2022-04-24,-2.5,746.425,764.075,62.5,-9.075,141.0
479,2022-04-25,1.3,750.6666666666666,768.2333333333332,50.333333333333336,-8.366666666666667,145.0
480,2022-04-26,6.75,747.525,764.65,45.5,-6.4,144.0
481,2022-04-27,6.625,748.325,765.475,61.5,-0.4,143.0
482,2022-04-28,11.2,751.4,768.325,48.25,-2.525,144.0
483,2022-04-29,15.3,750.9,767.55,30.5,-3.375,147.0
484,2022-04-30,21.0,746.175,762.425,26.0,-0.07499999999999991,167.0
485,2022-05-01,13.475,743.05,759.65,42.0,0.4,189.0
486,2022-05-02,10.975,734.425,751.0,58.25,2.875,189.0
487,2022-05-03,9.025,737.625,754.35,48.5,-1.85,190.0
488,2022-05-04,6.074999999999999,747.15,764.3,56.75,-3.125,186.0
489,2022-05-05,8.3,748.825,765.9,40.0,-7.825,176.0
490,2022-05-06,14.0,742.675,759.25,26.0,-7.699999999999999,175.0
491,2022-05-07,13.1,739.3666666666667,755.9333333333334,19.666666666666668,-11.966666666666667,177.0
492,2022-05-08,4.175,748.775,766.075,38.0,-9.675,177.0
493,2022-05-09,4.475,752.8,770.225,36.5,-10.3,177.0
494,2022-05-10,6.275,754.8,772.15,36.5,-8.275,179.0
495,2022-05-11,8.1,756.25,773.525,35.0,-9.2,176.0
496,2022-05-12,13.05,752.325,769.15,27.0,-8.975,176.0
497,2022-05-13,16.125,747.9,764.5,21.75,-9.45,175.0
498,2022-05-14,19.05,744.775,761.125,21.5,-7.275,179.0
499,2022-05-15,21.575,742.05,758.175,25.5,-1.575,176.0
500,2022-05-16,21.225,741.05,757.15,41.5,7.6,179.0
501,2022-05-17,21.05,741.275,757.4,47.25,7.625,179.0
502,2022-05-18,19.53333333333333,739.8666666666667,756.0,50.333333333333336,8.1,181.0
503,2022-05-19,21.925,740.825,756.825,45.75,8.0,180.0
504,2022-05-20,21.450000000000003,740.775,756.85,41.75,6.5,180.0
505,2022-05-21,18.425,742.1,758.375,40.25,3.2249999999999996,180.0
506,2022-05-22,20.125,740.45,756.625,35.25,3.475,180.0
507,2022-05-23,17.375,744.5,760.9,50.25,5.8,179.0
508,2022-05-24,16.825,751.05,767.575,68.25,9.5,180.0
509,2022-05-25,20.6,745.425,761.675,50.5,7.525,180.0
510,2022-05-26,19.575,744.925,761.0,37.0,3.6500000000000004,181.0
511,2022-05-27,15.024999999999999,742.825,759.275,55.5,5.25,181.0
512,2022-05-28,16.333333333333332,744.9666666666667,761.4333333333334,41.666666666666664,0.4000000000000001,180.0
513,2022-05-29,16.975,741.825,758.2,39.0,1.075,181.0
514,2022-05-30,16.9,738.45,754.75,67.75,10.525,180.0
515,2022-05-31,16.925,737.625,753.9,56.75,7.925,180.0
516,2022-06-01,15.45,733.85,750.05,75.75,11.025,180.0
517,2022-06-02,13.625,731.85,748.15,80.25,9.85,173.0
518,2022-06-03,7.25,741.05,757.9000000000001,82.0,4.35,171.0
519,2022-06-04,4.8999999999999995,742.8,759.925,79.5,1.575,171.0
520,2022-06-05,8.333333333333334,744.8666666666667,761.8000000000001,74.33333333333333,3.1666666666666665,173.0
521,2022-06-06,10.15,742.5,759.275,74.75,5.525,172.0
522,2022-06-07,10.425,747.225,764.075,62.0,2.65,174.0
523,2022-06-08,8.4,745.1,762.0,71.0,3.3000000000000003,174.0
524,2022-06-09,13.225,749.225,765.925,62.0,4.375,173.0
525,2022-06-10,18.15,746.8,763.2,50.5,5.2,171.0
526,2022-06-11,20.400000000000002,740.1333333333333,756.2333333333332,44.0,6.066666666666666,171.0
527,2022-06-12,19.633333333333336,736.5666666666666,752.6666666666666,58.0,10.666666666666666,170.0
528,2022-06-13,24.625,738.225,753.775,45.5,10.65,170.0
529,2022-06-14,25.866666666666664,738.3666666666667,754.1,43.0,10.6,173.0
530,2022-06-15,23.025,736.475,752.3249999999999,56.0,13.225,170.0
531,2022-06-16,20.0,736.225,752.2,76.5,15.3,170.0
532,2022-06-17,19.7,737.75,753.85,63.0,11.6,169.0
533,2022-06-18,17.95,737.625,753.775,66.25,11.35,169.0
534,2022-06-19,18.4,736.525,752.625,73.0,12.9,175.0
535,2022-06-20,19.125,736.525,752.55,71.75,13.0,177.0
536,2022-06-21,18.925,737.1,753.2,74.75,14.125,178.0
537,2022-06-22,22.400000000000002,737.6999999999999,753.5666666666666,65.33333333333333,14.6,178.0
538,2022-06-23,23.275,734.65,750.425,61.5,15.15,178.0
539,2022-06-24,20.175,734.125,750.0999999999999,64.25,12.85,178.0
540,2022-06-25,20.8,736.875,752.825,69.75,14.8,178.0
541,2022-06-26,23.03333333333333,735.7333333333332,751.5333333333333,70.66666666666667,16.766666666666666,172.0
542,2022-06-27,24.0,732.65,748.375,69.0,17.1,173.0
543,2022-06-28,20.475,734.2,750.15,68.75,13.675,173.0
544,2022-06-29,21.175,738.675,754.7,58.25,11.475,173.0
545,2022-06-30,22.5,733.3,749.15,57.5,12.825,173.0
546,2022-07-01,18.53333333333333,735.6333333333333,751.7333333333332,78.33333333333333,14.666666666666666,171.0
547,2022-07-02,18.425,736.35,752.45,71.75,12.85,171.0
548,2022-07-03,18.475,737.525,753.675,61.25,10.549999999999999,171.0
549,2022-07-04,18.1,739.15,755.35,66.5,10.925,171.0
550,2022-07-05,18.266666666666666,737.4,753.5333333333333,70.66666666666667,12.233333333333334,166.0
551,2022-07-06,18.8,734.275,750.3,71.25,13.399999999999999,118.0
552,2022-07-07,16.85,738.2,754.4,90.5,15.25,120.0
553,2022-07-08,20.775000000000002,741.3,757.4000000000001,63.25,12.275,120.0
554,2022-07-09,20.775,741.575,757.7,59.75,11.6,119.0
555,2022-07-10,20.175,741.4,757.525,67.5,13.399999999999999,118.0
556,2022-07-11,22.825,739.7,755.5749999999999,63.0,14.45,117.0
557,2022-07-12,19.725,742.375,758.575,49.5,7.9,120.0
558,2022-07-13,14.725,742.1,758.55,82.0,11.5,119.0
559,2022-07-14,12.9,744.1,760.8,82.0,9.9,120.0
560,2022-07-15,14.05,741.825,758.4,76.25,9.775,120.0
561,2022-07-16,15.2,739.55,756.0,70.5,9.65,119.0
562,2022-07-17,16.35,737.275,753.6,64.75,9.525,119.0
563,2022-07-18,17.5,735.0,751.2,59.0,9.4,119.0
564,2022-07-19,16.75,736.125,752.25,69.25,10.9,119.0
565,2022-07-20,17.233333333333334,739.8666666666667,756.0333333333333,72.0,11.633333333333333,112.0
566,2022-07-21,18.95,739.1500000000001,755.35,73.5,13.2,111.0
567,2022-07-22,24.6,732.2,747.9,49.0,13.1,112.0
568,2022-07-23,18.950000000000003,733.75,749.75,68.0,11.65,112.0
569,2022-07-24,18.45,734.625,750.675,66.25,11.175,112.0
570,2022-07-25,16.425,737.575,753.8,74.5,11.725,111.0
571,2022-07-26,16.025,741.575,757.95,77.0,11.725000000000001,112.0
572,2022-07-27,16.9,742.125,758.425,73.5,11.575,112.0
573,2022-07-28,18.775,740.4499999999999,756.625,65.25,11.0,112.0
574,2022-07-29,21.049999999999997,736.25,752.2,67.25,14.5,112.0
575,2022-07-30,21.925,734.125,750.0,70.25,16.1,112.0
576,2022-07-31,23.075,734.6,750.425,73.25,16.95,112.0
577,2022-08-01,22.65,734.925,750.725,69.25,16.325,113.0
578,2022-08-02,17.375,738.375,754.6,72.0,11.8,111.0
579,2022-08-03,14.925,742.825,759.25,71.0,9.2,112.0
580,2022-08-04,15.9,743.225,759.625,69.0,9.75,112.0
581,2022-08-05,15.025,743.8,760.325,61.25,7.125,112.0
582,2022-08-06,16.725,744.2,760.6,68.25,9.95,112.0
583,2022-08-07,19.3,742.55,758.825,60.0,9.65,111.0
584,2022-08-08,20.15,741.775,757.925,56.5,9.825,111.0
585,2022-08-09,20.525,742.05,758.175,59.5,11.525,110.0
586,2022-08-10,23.133333333333336,740.5666666666666,756.5333333333333,50.666666666666664,11.533333333333333,110.0
587,2022-08-11,22.1,741.925,757.975,60.5,12.875,110.0
588,2022-08-12,21.275,741.45,757.475,63.25,12.825,110.0
589,2022-08-13,19.075,739.525,755.825,57.5,9.3,111.0
590,2022-08-14,18.925,736.275,752.375,73.5,13.675,110.0
591,2022-08-15,16.075,736.45,752.725,68.0,9.9,111.0
592,2022-08-16,11.466666666666667,737.8000000000001,754.3333333333334,82.66666666666667,8.566666666666666,112.0
593,2022-08-17,11.575,741.0999999999999,757.75,84.0,8.775,112.0
594,2022-08-18,12.875,741.55,758.125,76.25,8.375,112.0
595,2022-08-19,12.375,741.5,758.15,79.0,8.775,112.0
596,2022-08-20,12.55,742.85,759.45,90.75,11.075,111.0
597,2022-08-21,15.1,743.5,760.05,73.5,10.1,111.0
598,2022-08-22,13.05,744.9,761.525,82.0,10.0,111.0
599,2022-08-23,12.299999999999999,749.0666666666666,765.7666666666668,79.33333333333333,8.299999999999999,111.0
600,2022-08-24,12.15,749.65,766.475,84.5,9.524999999999999,112.0
601,2022-08-25,16.75,747.0,763.475,80.0,13.05,111.0
602,2022-08-26,16.475,742.75,759.15,82.75,13.425,111.0
603,2022-08-27,14.025,739.325,755.775,86.5,11.675,109.0
604,2022-08-28,9.8,744.725,761.575,72.75,5.075,109.0
605,2022-08-29,13.7,742.675,759.225,76.75,9.55,111.0
606,2022-08-30,10.666666666666666,747.5333333333333,764.4,61.0,2.1666666666666665,111.0
607,2022-08-31,17.075,741.95,758.275,69.25,10.35,111.0
608,2022-09-01,17.475,741.175,757.425,83.5,14.45,112.0
609,2022-09-02,13.0,741.275,757.825,94.0,12.025,111.0
610,2022-09-03,9.8,751.0,768.0,74.75,5.15,110.0
611,2022-09-04,10.65,746.725,763.5,73.5,5.3,110.0
612,2022-09-05,15.5,741.375,757.825,57.25,6.3999999999999995,113.0
613,2022-09-06,11.066666666666668,740.7666666666668,757.4,83.33333333333333,8.266666666666667,114.0
614,2022-09-07,13.575,737.875,754.3,92.25,12.3,113.0
615,2022-09-08,19.625,737.375,753.5,40.5,5.074999999999999,113.0
616,2022-09-09,12.533333333333333,747.6,764.2999999999998,57.0,4.133333333333334,108.0
617,2022-09-10,10.825,748.0999999999999,764.9749999999999,69.75,4.45,103.0
618,2022-09-11,11.775,742.25,758.95,69.0,5.425,103.0
619,2022-09-12,13.375,737.275,753.725,66.5,6.6,101.0
620,2022-09-13,9.024999999999999,752.0,769.05,63.0,1.9,102.0
621,2022-09-14,8.15,752.95,770.0999999999999,67.0,1.8,103.0
622,2022-09-15,9.875,751.525,768.525,57.5,1.45,102.0
623,2022-09-16,8.85,752.075,769.125,66.75,2.275,102.0
624,2022-09-17,7.775,752.575,769.725,74.25,2.975,102.0
625,2022-09-18,9.0,754.15,771.225,70.25,3.025,102.0
626,2022-09-19,8.833333333333334,750.5666666666666,767.6333333333333,73.0,3.233333333333333,101.0
627,2022-09-20,11.275,745.45,762.225,80.25,7.925000000000001,102.0
628,2022-09-21,11.225000000000001,750.05,766.9000000000001,66.25,5.0,102.0
629,2022-09-22,16.0,744.45,760.9,58.0,7.175,102.0
630,2022-09-23,13.100000000000001,744.225,760.85,53.0,3.25,102.0
631,2022-09-24,9.266666666666667,745.3000000000001,762.1666666666666,44.666666666666664,-2.4,102.0
632,2022-09-25,6.300000000000001,744.3499999999999,761.4,74.5,2.025,102.0
633,2022-09-26,5.6,738.7,755.65,85.0,3.125,103.0
634,2022-09-27,4.6000000000000005,741.2,758.275,81.5,1.5,104.0
635,2022-09-28,4.5,739.075,756.1,88.0,2.5500000000000003,108.0
636,2022-09-29,4.075,741.025,758.175,82.25,1.175,106.0
637,2022-09-30,1.75,748.5,765.8,69.25,-3.825,105.0
638,2022-10-01,0.6749999999999999,755.525,772.925,62.75,-5.8,104.0
639,2022-10-02,2.3,761.325,778.775,64.0,-3.975,104.0
640,2022-10-03,3.05,761.65,779.2,61.0,-4.025,103.0
641,2022-10-04,1.95,758.625,776.275,72.75,-2.7750000000000004,103.0
642,2022-10-05,1.95,752.975,770.5,83.5,-0.925,103.0
643,2022-10-06,3.175,752.0,769.425,88.25,1.35,103.0
644,2022-10-07,3.633333333333333,758.0333333333333,775.5666666666666,85.33333333333333,1.3,103.0
645,2022-10-08,4.325,753.875,771.3,71.75,-1.175,104.0
646,2022-10-09,11.7,745.9,762.7,36.75,-3.05,103.0
647,2022-10-10,11.375,745.325,762.1,47.5,0.22499999999999998,104.0
648,2022-10-11,8.65,747.775,764.65,65.75,2.15,104.0
649,2022-10-12,6.825,745.9000000000001,762.775,76.75,2.875,104.0
650,2022-10-13,3.325,749.85,767.275,87.75,1.425,107.0
651,2022-10-14,3.4,757.375,774.925,82.75,0.6499999999999999,108.0
652,2022-10-15,2.625,759.55,777.2,82.25,-0.325,107.5
653,2022-10-16,1.675,754.575,772.15,79.0,-1.9,107.0
654,2022-10-17,2.275,746.2,763.575,81.5,-0.8,106.0
655,2022-10-18,7.766666666666667,743.0,759.9,73.0,3.1333333333333333,106.0
656,2022-10-19,4.8,746.9666666666667,764.1666666666666,79.66666666666667,1.4333333333333336,106.0
657,2022-10-20,3.3000000000000003,750.0666666666666,767.4333333333334,87.33333333333333,0.9666666666666667,106.0
658,2022-10-21,4.3875,748.2958333333333,765.5541666666667,85.29166666666666,1.7583333333333333,106.0
659,2022-10-22,5.4750000000000005,746.525,763.675,83.25,2.55,106.0
660,2022-10-23,12.975,734.6,751.05,46.25,1.15,105.0
661,2022-10-24,1.625,750.225,767.675,70.75,-3.3,112.0
662,2022-10-25,1.275,752.625,770.2,56.75,-6.675,177.0
663,2022-10-26,-1.6666666666666667,749.9,767.6,74.66666666666667,-5.833333333333333,178.0
664,2022-10-27,0.8250000000000001,747.325,764.825,70.0,-4.375,177.0
665,2022-10-28,4.425,747.275,764.5,63.25,-2.1,175.0
666,2022-10-29,0.875,753.9749999999999,771.6,62.75,-5.625,179.0
667,2022-10-30,-1.25,756.6,774.45,72.0,-5.9,176.0
668,2022-10-31,-3.75,754.0,771.9,77.5,-7.2,174.0
669,2022-11-01,-3.475,753.625,771.525,79.0,-6.85,174.0
670,2022-11-02,1.85,755.1,772.675,78.5,-1.775,174.0
671,2022-11-03,-1.8666666666666665,751.3666666666667,769.1333333333333,86.33333333333333,-3.9333333333333336,167.0
672,2022-11-04,2.2,751.65,769.15,82.5,-0.55,100.0
673,2022-11-05,0.30000000000000004,750.225,767.8,81.5,-2.6999999999999997,102.0
674,2022-11-06,1.1,747.6,765.1,87.33333333333333,-0.7666666666666666,102.0
675,2022-11-07,1.175,744.825,762.225,67.5,-4.45,102.0
676,2022-11-08,-0.42500000000000004,748.375,765.95,75.25,-4.35,101.0
677,2022-11-09,-2.35,750.1,767.875,82.75,-5.1,103.0
678,2022-11-10,0.02500000000000001,753.9749999999999,771.625,68.5,-5.175,102.0
679,2022-11-11,-0.8333333333333334,752.7333333333332,770.4333333333334,79.0,-4.1000000000000005,102.0
680,2022-11-12,0.525,748.3,765.8,72.25,-4.0,102.0
681,2022-11-13,1.8666666666666665,739.6,756.8333333333334,77.66666666666667,-1.7333333333333332,102.5
682,2022-11-14,2.1666666666666665,738.1333333333333,755.2666666666668,83.33333333333333,-0.5333333333333333,103.0
683,2022-11-15,5.05,734.475,751.375,72.25,0.20000000000000007,103.0
684,2022-11-16,3.266666666666667,734.1,751.0666666666666,76.0,-0.6333333333333334,103.0
685,2022-11-17,-0.375,743.3,760.75,60.0,-7.45,103.0
686,2022-11-18,-6.925,754.35,772.5,79.5,-9.975,104.0
687,2022-11-19,-8.75,751.3,769.525,84.25,-11.15,102.0
688,2022-11-20,-9.475,743.2,761.3,81.0,-12.375,100.0
689,2022-11-21,-12.7,747.55,766.025,60.75,-18.8,98.0
690,2022-11-22,-11.233333333333334,745.4666666666667,763.6999999999999,74.66666666666667,-14.866666666666667,97.0
691,2022-11-23,-8.3,739.275,757.2249999999999,63.25,-14.15,96.0
692,2022-11-24,-18.5,753.8499999999999,772.85,65.25,-23.475,97.0
693,2022-11-25,-14.274999999999999,747.45,765.9749999999999,74.0,-17.975,98.5
694,2022-11-26,-24.0,747.4,766.6666666666666,72.0,-27.666666666666668,100.0
695,2022-11-27,-26.125,767.5,787.45,69.5,-30.025,101.0
696,2022-11-28,-20.599999999999998,771.4,791.0,69.33333333333333,-24.8,100.0
697,2022-11-29,-15.975000000000001,770.7,789.95,69.5,-20.375,102.0
698,2022-11-30,-15.899999999999999,767.925,787.125,66.0,-20.875,102.0
699,2022-12-01,-15.425,760.225,779.175,70.75,-19.625,101.0
700,2022-12-02,-19.05,761.05,780.275,78.5,-21.925,101.0
701,2022-12-03,-16.5,761.9333333333334,780.9666666666667,73.33333333333333,-20.23333333333333,105.0
702,2022-12-04,-12.875,761.175,779.925,72.75,-16.925,105.0
703,2022-12-05,-16.825,760.1,779.125,83.5,-19.025000000000002,105.0
704,2022-12-06,-13.025,758.925,777.675,65.75,-18.15,105.0
705,2022-12-07,-12.033333333333333,757.9,776.5,68.0,-16.833333333333332,105.0
706,2022-12-08,-11.733333333333334,758.4333333333334,777.0666666666666,71.66666666666667,-15.966666666666667,105.0
707,2022-12-09,-10.066666666666668,755.6999999999999,774.1,57.333333333333336,-17.033333333333335,105.0
708,2022-12-10,-9.4,752.05,770.35,57.75,-16.325,105.0
709,2022-12-11,-15.3,756.05,774.85,65.25,-20.45,105.0
710,2022-12-12,-23.325,764.35,784.0,81.75,-25.575,104.5
711,2022-12-13,-19.575,752.025,771.075,85.5,-21.375,104.0
712,2022-12-14,-18.925,760.125,779.3,81.5,-21.35,105.0
713,2022-12-15,-18.6,770.825,790.275,81.5,-21.0,105.0
714,2022-12-16,-11.9,768.825,787.7,72.0,-16.05,104.0
715,2022-12-17,-9.65,760.125,778.65,63.0,-15.475,107.0
716,2022-12-18,-11.85,751.475,769.9,77.25,-15.25,104.0
717,2022-12-19,-9.933333333333334,753.7333333333332,772.0333333333333,77.0,-13.233333333333334,105.0
718,2022-12-20,-9.675,747.825,766.05,83.75,-12.025,106.0
719,2022-12-21,-2.4749999999999996,742.375,759.95,73.0,-6.949999999999999,107.0
720,2022-12-22,-1.55,744.575,762.1750000000001,64.25,-7.575,107.0
721,2022-12-23,-9.75,760.275,778.85,56.25,-16.925,111.0
722,2022-12-24,-14.9,761.65,780.6,86.25,-16.7,110.0
723,2022-12-25,-8.975,757.575,775.95,72.25,-13.125,108.0
724,2022-12-26,-6.4,756.95,775.15,77.5,-9.75,105.0
725,2022-12-27,-3.6,756.175,774.175,72.25,-8.0,105.0
726,2022-12-28,-5.9,752.425,770.5,79.5,-9.075,105.0
727,2022-12-29,-7.475,751.375,769.525,66.0,-12.85,105.0
728,2022-12-30,-14.774999999999999,759.025,777.9,81.25,-17.325,105.0
729,2022-12-31,-18.675,762.7,781.95,80.25,-21.3,105.0
730,2023-01-01,-8.528571428571428,748.2285714285715,766.3571428571429,72.42857142857143,-12.728571428571428,105.0
731,2023-01-02,-10.02,755.58,774.0,82.2,-12.540000000000001,105.0
732,2023-01-03,-10.325,753.25,771.625,83.0,-12.725,105.0
733,2023-01-04,-15.666666666666666,744.6333333333333,763.1666666666666,90.66666666666667,-16.833333333333332,104.0
734,2023-01-05,-4.925,742.7,760.45,78.25,-8.225,104.0
735,2023-01-06,-3.025,738.2,755.7,81.5,-5.8,105.0
736,2023-01-07,-8.825,746.35,764.475,72.25,-12.95,105.0
737,2023-01-08,-6.9,744.4,762.325,80.5,-10.0,105.0
738,2023-01-09,0.5666666666666667,737.8000000000001,755.0666666666666,57.333333333333336,-7.3999999999999995,105.0
739,2023-01-10,-13.6,745.9,764.3249999999999,46.5,-22.85,105.0
740,2023-01-11,-21.775,753.15,772.375,64.0,-26.8,105.0
741,2023-01-12,-23.1,763.825,783.425,54.75,-29.8,107.0
742,2023-01-13,-16.366666666666667,760.1666666666666,779.1333333333333,54.333333333333336,-23.433333333333334,107.0
743,2023-01-14,-12.524999999999999,755.675,774.3,70.25,-16.925,107.0
744,2023-01-15,-9.8,747.75,765.975,78.25,-12.975,107.0
745,2023-01-16,-9.2,751.85,770.15,71.25,-13.5,108.0
746,2023-01-17,-8.9,745.475,763.575,83.0,-11.35,103.0
747,2023-01-18,-21.675,758.1,777.45,75.25,-24.9,105.0
748,2023-01-19,-18.45,753.6,772.6,83.5,-20.575000000000003,105.0
749,2023-01-20,-15.7,752.0,770.8,79.5,-18.475,106.0
750,2023-01-21,-32.1,766.3,786.75,70.25,-35.675,105.0
751,2023-01-22,-32.9,773.525,794.2,70.75,-36.375,104.0
752,2023-01-23,-20.025,757.575,776.8,81.0,-22.45,103.0
753,2023-01-24,-11.175,748.0,766.3,77.0,-14.475,103.0
754,2023-01-25,-9.475,749.275,767.5,70.75,-13.875,103.0
755,2023-01-26,-11.825,752.0,770.525,78.25,-15.425,103.0
756,2023-01-27,-3.325,745.675,763.4,54.5,-11.5,102.0
757,2023-01-28,-5.575,747.2,765.1,81.0,-8.425,103.0
758,2023-01-29,-3.575,742.175,759.875,59.75,-11.05,103.0
759,2023-01-30,-7.975,746.95,765.025,75.0,-11.7,103.0
760,2023-01-31,-9.466666666666667,755.6333333333333,774.0333333333333,83.33333333333333,-11.799999999999999,101.0
761,2023-02-01,-12.65,755.0,773.575,86.75,-14.45,102.0
762,2023-02-02,-14.925,756.65,775.45,86.25,-16.775,102.0
763,2023-02-03,-15.8,752.975,771.775,83.25,-18.1,102.0
764,2023-02-04,-13.166666666666666,752.1,770.6333333333333,82.66666666666667,-15.6,102.0
765,2023-02-05,-16.025,754.4,773.25,84.75,-18.05,102.0
766,2023-02-06,-15.774999999999999,755.025,773.825,85.25,-17.75,102.0
767,2023-02-07,-14.65,752.475,771.125,86.25,-16.55,102.0
768,2023-02-08,-9.225,749.075,767.275,90.75,-10.525,102.0
769,2023-02-09,-11.833333333333334,746.5,764.7666666666668,82.66666666666667,-14.233333333333334,102.0
770,2023-02-10,-18.425,749.375,768.3,79.5,-21.175,102.0
771,2023-02-11,-20.125,759.65,778.925,80.5,-22.7,103.0
772,2023-02-12,-16.866666666666664,763.7333333333332,782.8666666666667,81.0,-19.466666666666665,102.0
773,2023-02-13,-18.0,758.725,777.825,85.0,-19.95,102.0
774,2023-02-14,-11.3,757.25,775.8,73.5,-15.225,102.0
775,2023-02-15,-12.350000000000001,758.3,777.0,73.0,-16.35,102.0
776,2023-02-16,-16.85,756.625,775.575,81.75,-19.325,102.0
777,2023-02-17,-9.925,754.375,772.775,75.25,-13.525,102.0
778,2023-02-18,-6.574999999999999,755.65,773.85,80.5,-9.425,102.0
779,2023-02-19,-5.5,754.15,772.225,82.25,-8.225,102.0
780,2023-02-20,-4.475,754.375,772.35,82.0,-7.25,102.0
781,2023-02-21,-9.033333333333333,753.3666666666667,771.6666666666666,90.33333333333333,-10.366666666666667,102.0
782,2023-02-22,-9.875,754.5,772.9,85.75,-11.975,103.0
783,2023-02-23,-5.9,751.55,769.55,69.0,-10.8,103.0
784,2023-02-24,-4.45,747.9000000000001,765.75,80.5,-7.6,102.0
785,2023-02-25,4.7,744.0666666666666,761.1999999999999,49.333333333333336,-5.366666666666667,102.0
786,2023-02-26,-6.4,759.4,777.6,64.0,-12.2,102.0
787,2023-02-27,-7.0,758.15,776.45,67.0,-12.25,102.0
788,2023-02-28,-3.95,753.725,771.7,61.25,-11.175,103.0
789,2023-03-01,3.15,742.925,760.1,59.5,-4.675,103.0
790,2023-03-02,7.575,740.775,757.675,33.75,-7.975,103.0
791,2023-03-03,5.333333333333333,738.2666666666668,755.2666666666668,62.0,-2.266666666666667,103.0
792,2023-03-04,-2.375,741.775,759.35,80.75,-5.625,101.0
793,2023-03-05,-4.05,749.875,767.75,58.25,-11.25,102.0
794,2023-03-06,-4.425,742.65,760.375,72.5,-8.75,99.0
795,2023-03-07,-0.9666666666666667,741.4333333333334,758.9,66.66666666666667,-6.5,99.0
796,2023-03-08,-2.1333333333333333,734.8333333333334,752.2333333333332,73.33333333333333,-6.433333333333333,99.0
797,2023-03-09,-5.85,747.525,765.425,67.25,-11.425,98.0
798,2023-03-10,-13.933333333333335,762.2333333333332,781.1,70.66666666666667,-18.333333333333332,99.0
799,2023-03-11,-1.0000000000000002,754.6,772.375,51.5,-10.325,99.0
800,2023-03-12,2.625,738.85,756.075,66.25,-3.775,99.0
801,2023-03-13,-3.0,752.9000000000001,770.775,53.25,-11.475,99.0
802,2023-03-14,-1.7,754.9333333333334,772.7666666666668,70.33333333333333,-6.5,99.0
803,2023-03-15,-0.32499999999999984,753.55,771.225,72.0,-5.0,99.0
804,2023-03-16,-2.033333333333333,751.0333333333333,768.8333333333334,71.66666666666667,-6.666666666666667,99.0
805,2023-03-17,1.075,750.975,768.5,71.75,-3.95,99.0
806,2023-03-18,3.55,746.975,764.3,59.5,-5.425,99.0
807,2023-03-19,2.7,737.95,755.075,67.0,-3.925,100.0
808,2023-03-20,-9.475,750.05,768.3,52.5,-17.85,100.0
809,2023-03-21,-9.9,755.775,774.2,60.25,-16.675,99.0
810,2023-03-22,-6.925000000000001,756.7,774.9000000000001,59.75,-14.425,99.0
811,2023-03-23,-4.4,752.175,770.1,54.75,-13.425,101.0
812,2023-03-24,0.2999999999999998,746.7333333333332,764.2666666666668,54.666666666666664,-8.3,100.0
813,2023-03-25,3.8,745.1541666666667,762.4083333333333,47.70833333333333,-6.8875,100.0
814,2023-03-26,7.3,743.575,760.55,40.75,-5.475,100.0
815,2023-03-27,8.55,740.925,757.825,52.25,-0.925,101.0
816,2023-03-28,6.75,745.925,763.0,59.5,-0.775,101.0
817,2023-03-29,11.775,741.775,758.425,50.75,1.35,103.0
818,2023-03-30,0.4249999999999998,738.75,756.1,80.0,-2.8,102.0
819,2023-03-31,-7.1,752.35,770.5,58.25,-14.025,102.0
820,2023-04-01,-10.433333333333334,762.4,781.0333333333333,61.0,-16.833333333333332,101.0
821,2023-04-02,-7.55,764.7249999999999,783.2,60.25,-15.125,101.0
822,2023-04-03,-3.1666666666666665,757.9333333333334,775.9333333333334,36.333333333333336,-16.333333333333332,100.0
823,2023-04-04,2.475,752.65,770.15,59.25,-5.6,100.0
824,2023-04-05,-1.9749999999999999,758.6,776.5,56.0,-10.6,100.0
825,2023-04-06,3.3,747.425,764.8,42.0,-9.825,100.0
826,2023-04-07,6.3,737.7,754.6,28.75,-15.325,105.0
827,2023-04-08,-6.3,743.9333333333334,761.8333333333334,50.666666666666664,-16.0,108.0
828,2023-04-09,-3.975,740.3499999999999,757.9749999999999,58.75,-11.575,109.0
829,2023-04-10,-2.9000000000000004,746.125,763.875,44.25,-13.95,109.0
830,2023-04-11,6.0249999999999995,733.8,750.625,37.75,-7.85,109.0
831,2023-04-12,-2.925,745.125,762.825,55.0,-11.575,109.0
832,2023-04-13,2.15,747.7,765.1,46.25,-8.55,109.0
833,2023-04-14,2.8,739.975,757.15,69.25,-2.6,109.0
834,2023-04-15,-7.2250000000000005,742.0999999999999,760.0,69.75,-12.1,110.0
835,2023-04-16,-11.15,741.95,760.15,88.0,-12.75,110.0
836,2023-04-17,-0.8,740.0,757.425,49.5,-10.549999999999999,111.0
837,2023-04-18,-3.1999999999999997,742.175,759.8,63.0,-10.0,108.0
838,2023-04-19,-6.825,750.875,769.0,57.5,-14.4,110.0
839,2023-04-20,-2.8499999999999996,752.2,770.0250000000001,62.75,-9.1,114.06666666666666
840,2023-04-21,1.6666666666666667,752.5333333333333,770.1,70.0,-3.4333333333333336,118.13333333333333
841,2023-04-22,4.8,753.525,770.875,53.75,-5.55,122.2
842,2023-04-23,6.075,754.625,771.975,44.25,-8.4,126.26666666666667
843,2023-04-24,8.649999999999999,746.275,763.2249999999999,34.25,-9.125,130.33333333333334
844,2023-04-25,4.85,739.925,757.025,52.75,-4.35,134.4
845,2023-04-26,2.3666666666666667,747.1333333333333,764.5333333333333,63.333333333333336,-4.3999999999999995,138.46666666666667
846,2023-04-27,4.275,748.45,765.775,59.25,-4.15,142.53333333333333
847,2023-04-28,10.75,740.85,757.55,78.0,7.0,146.6
848,2023-04-29,10.675,736.55,753.1,54.25,0.5250000000000001,150.66666666666666
849,2023-04-30,5.275,738.075,755.05,35.5,-9.1,154.73333333333335
850,2023-05-01,1.45,740.75,758.05,70.5,-3.425,158.8
851,2023-05-02,1.9000000000000001,745.4333333333334,762.7666666666668,74.66666666666667,-2.533333333333333,162.86666666666667
852,2023-05-03,4.475,752.775,770.15,75.25,0.30000000000000004,166.93333333333334
853,2023-05-04,6.5,755.725,773.05,61.75,-3.025,171.0
854,2023-05-05,6.333333333333333,753.4333333333334,770.7333333333332,50.333333333333336,-4.2,171.0
855,2023-05-06,14.925,750.65,767.35,43.0,1.75,179.0
856,2023-05-07,11.6,752.25,769.1666666666666,60.0,2.4833333333333334,187.0
857,2023-05-08,16.2,746.925,763.475,42.0,-0.7,192.0
858,2023-05-09,15.4,741.9333333333334,758.4,37.0,-1.0,188.0
859,2023-05-10,9.4,750.1333333333333,767.1666666666666,43.333333333333336,-4.333333333333333,186.0
860,2023-05-11,11.1,748.1333333333333,765.0333333333333,32.333333333333336,-7.333333333333333,182.0
861,2023-05-12,11.0,739.25,755.9,48.75,-0.4750000000000001,178.0
862,2023-05-13,4.625,744.775,761.95,45.5,-6.825,174.0
863,2023-05-14,5.475,743.375,760.5,34.0,-11.2,175.0
864,2023-05-15,8.55,737.375,754.15,32.25,-8.025,175.0
865,2023-05-16,7.85,740.15,757.05,57.5,-0.75,178.0
866,2023-05-17,5.566666666666666,739.6666666666666,756.6333333333333,74.0,1.0,178.0
867,2023-05-18,8.25,749.05,766.075,51.5,-3.025,177.0
868,2023-05-19,9.1,754.125,771.275,41.25,-4.125,177.0
869,2023-05-20,14.333333333333334,753.6,770.4,37.333333333333336,-3.233333333333334,177.0
870,2023-05-21,12.299999999999999,748.8000000000001,765.6333333333333,39.333333333333336,-2.5666666666666664,175.0
871,2023-05-22,16.075,744.5,760.925,36.5,-0.10000000000000003,174.0
872,2023-05-23,16.725,744.775,761.225,28.0,-2.5250000000000004,176.0
873,2023-05-24,11.625,743.925,760.65,43.0,-1.25,177.0
874,2023-05-25,7.85,747.975,765.025,42.25,-4.425,177.0
875,2023-05-26,10.675,748.6,765.5,36.5,-4.35,177.0
876,2023-05-27,13.8,749.25,765.975,52.5,3.2,176.0
877,2023-05-28,14.475000000000001,748.25,764.925,48.75,1.65,175.0
878,2023-05-29,15.45,746.125,762.65,38.75,0.275,174.0
879,2023-05-30,11.399999999999999,745.05,761.8000000000001,92.5,10.2,177.0
880,2023-05-31,14.375,747.65,764.25,76.0,9.65,176.0
881,2023-06-01,17.7,748.95,765.45,57.25,6.0,168.0
882,2023-06-02,20.45,748.275,764.6,41.75,4.625,164.0
883,2023-06-03,23.075,746.75,762.875,47.0,10.05,162.0
884,2023-06-04,23.35,747.975,764.125,43.25,8.75,162.0
885,2023-06-05,23.15,743.95,759.95,47.25,9.575,162.0
886,2023-06-06,23.25,742.725,758.75,59.5,13.425,165.0
887,2023-06-07,24.675,742.05,757.95,61.75,15.95,165.0
888,2023-06-08,27.533333333333335,738.9666666666667,754.6,50.666666666666664,14.300000000000002,166.0
889,2023-06-09,28.150000000000002,737.2,752.825,42.25,13.25,165.0
890,2023-06-10,19.475,739.975,756.125,71.25,13.85,165.0
891,2023-06-11,16.8,746.7,763.2,52.75,5.35,164.0
892,2023-06-12,14.675,746.7,763.325,50.5,3.9,164.0
893,2023-06-13,15.774999999999999,743.55,760.0,61.5,8.175,164.0
894,2023-06-14,12.8,742.25,758.85,59.25,4.3,164.0
895,2023-06-15,14.025,743.475,760.075,54.5,3.75,165.0
896,2023-06-16,18.425,738.3,754.475,48.25,7.175,167.0
897,2023-06-17,20.1,738.6,754.7,49.75,7.75,172.0
898,2023-06-18,19.0,736.075,752.125,61.5,10.675,168.0
899,2023-06-19,18.8,738.4333333333334,754.6,51.666666666666664,7.433333333333333,166.0
900,2023-06-20,20.325,733.45,749.45,55.0,10.475,165.0
901,2023-06-21,20.425,736.325,752.325,64.75,12.825000000000001,165.0
902,2023-06-22,18.375,736.95,753.075,74.0,12.975,163.0
903,2023-06-23,14.2,739.325,755.75,84.0,11.475,162.0
904,2023-06-24,16.3,739.725,756.05,70.75,9.825,165.0
905,2023-06-25,14.1,738.825,755.25,80.0,10.55,162.0
906,2023-06-26,14.066666666666668,742.0666666666666,758.5333333333333,71.66666666666667,8.566666666666666,162.0
907,2023-06-27,17.2,740.9,757.2,65.0,8.774999999999999,161.0
908,2023-06-28,21.200000000000003,734.475,750.425,46.25,8.25,161.0
909,2023-06-29,20.125,734.55,750.525,61.5,11.425,161.0
910,2023-06-30,16.833333333333332,738.3000000000001,754.6,69.33333333333333,10.966666666666667,162.0
911,2023-07-01,18.15,738.875,755.075,64.0,11.0,163.0
912,2023-07-02,16.5,743.75,760.125,71.0,10.875,163.0
913,2023-07-03,16.925,744.325,760.7,65.75,9.4,163.0
914,2023-07-04,23.9,741.1,757.0,49.0,12.6,163.0
915,2023-07-05,23.075,740.475,756.45,53.5,11.325,165.0
916,2023-07-06,23.775,740.55,756.475,53.5,12.825,165.0
917,2023-07-07,24.45,739.775,755.625,54.25,13.7,165.0
918,2023-07-08,24.45,737.525,753.325,57.75,15.175,164.0
919,2023-07-09,21.475,737.5,753.475,75.75,16.825,165.0
920,2023-07-10,22.325000000000003,738.4,754.3,68.0,15.525,163.0
921,2023-07-11,22.4,740.475,756.475,59.0,13.1,163.0
922,2023-07-12,22.125,742.35,758.35,66.25,14.675,163.0
923,2023-07-13,21.0,743.675,759.8,59.75,11.65,163.0
924,2023-07-14,22.1,739.225,755.2,71.5,16.225,164.0
925,2023-07-15,21.275,736.6,752.5,82.25,17.825,164.0
926,2023-07-16,20.2,735.75,751.725,76.25,15.600000000000001,163.0
927,2023-07-17,18.466666666666665,737.9333333333334,754.0666666666666,74.0,13.633333333333333,164.0
928,2023-07-18,19.85,745.825,762.075,71.25,13.275,168.0
929,2023-07-19,20.375,743.325,759.525,61.75,12.0,166.0
930,2023-07-20,21.9,741.0,757.05,57.5,11.625,166.0
931,2023-07-21,21.725,740.2,756.2,60.75,13.725,166.0
932,2023-07-22,23.625,740.075,755.975,64.25,15.375,162.0
933,2023-07-23,19.75,739.025,755.125,79.75,15.8,162.0
934,2023-07-24,20.425,737.8,753.8,73.75,15.425,162.0
935,2023-07-25,20.9,737.55,753.525,79.0,16.75,162.0
936,2023-07-26,18.875,738.55,754.625,85.0,16.225,163.0
937,2023-07-27,22.925,739.3,755.25,56.75,12.5,163.0
938,2023-07-28,23.433333333333334,737.6333333333333,753.5333333333333,55.0,13.066666666666668,163.0
939,2023-07-29,19.225,734.9,750.925,82.0,16.025,163.0
940,2023-07-30,20.400000000000002,736.0333333333333,752.0333333333333,77.66666666666667,16.266666666666666,163.0
941,2023-07-31,22.525,737.0,752.875,71.5,16.45,162.0
942,2023-08-01,25.46666666666667,738.5,754.3000000000001,58.0,15.800000000000002,162.0
943,2023-08-02,22.8,738.9666666666667,754.8666666666667,70.66666666666667,16.7,162.0
944,2023-08-03,24.225,738.575,754.425,63.25,15.9,162.0
945,2023-08-04,24.475,737.75,753.4749999999999,68.75,17.45,162.0
946,2023-08-05,20.625,739.6,755.675,59.5,11.6,162.0
947,2023-08-06,16.875,738.975,755.225,56.5,7.1,161.0
948,2023-08-07,19.125,736.225,752.3,54.5,8.375,162.0
949,2023-08-08,21.875,736.45,752.425,55.75,11.375,162.0
950,2023-08-09,20.825,738.175,754.175,69.25,14.325,162.0
951,2023-08-10,20.45,739.75,755.8,69.5,13.7,162.0
952,2023-08-11,19.3,736.025,752.075,75.75,14.6,166.0
953,2023-08-12,20.8,736.075,752.075,68.0,14.125,162.0
954,2023-08-13,18.025,740.4,756.575,75.0,13.1,163.0
955,2023-08-14,18.866666666666667,741.0333333333333,757.1999999999999,66.33333333333333,11.766666666666666,162.0
956,2023-08-15,16.175,744.7,761.125,70.75,10.350000000000001,162.0
957,2023-08-16,17.633333333333336,743.4,759.8000000000001,61.333333333333336,9.366666666666665,163.0
958,2023-08-17,15.675,739.775,756.15,74.25,11.0,165.0
959,2023-08-18,14.799999999999999,740.4666666666667,756.8666666666667,86.33333333333333,12.4,164.0
960,2023-08-19,15.525,743.125,759.525,74.5,10.75,162.0
961,2023-08-20,15.475,742.075,758.525,75.5,10.6,162.0
962,2023-08-21,15.566666666666668,742.8333333333334,759.3000000000001,81.33333333333333,12.200000000000001,163.0
963,2023-08-22,19.6,743.225,759.425,72.0,13.675,163.0
964,2023-08-23,22.7,741.3333333333334,757.2666666666668,56.333333333333336,12.533333333333333,162.0
965,2023-08-24,21.575000000000003,740.775,756.825,63.0,12.875,161.0
966,2023-08-25,21.8,737.2750000000001,753.225,62.5,13.55,162.0
967,2023-08-26,20.15,738.75,754.825,66.75,13.625,161.0
968,2023-08-27,17.25,742.525,758.85,75.5,12.425,162.0
969,2023-08-28,20.85,739.225,755.25,74.5,15.625,162.0
970,2023-08-29,22.175,740.575,756.525,74.25,16.95,163.0
971,2023-08-30,19.2,745.8666666666667,762.1999999999999,75.33333333333333,14.533333333333333,163.0
972,2023-08-31,18.375,742.65,758.825,86.5,16.025,162.0
973,2023-09-01,20.05,742.225,758.3,82.0,16.475,177.0
974,2023-09-02,17.9,744.675,761.025,74.0,12.675,183.0
975,2023-09-03,14.925,743.775,760.275,83.25,11.95,180.0
976,2023-09-04,16.7,741.025,757.325,74.5,11.350000000000001,180.0
977,2023-09-05,16.35,740.15,756.45,80.75,12.85,178.0
978,2023-09-06,14.4,743.475,760.025,87.0,12.0,178.0
979,2023-09-07,12.25,742.375,758.925,87.75,10.225,176.0
980,2023-09-08,9.4,744.0,760.8,88.0,7.45,176.0
981,2023-09-09,11.3,744.7,761.425,80.0,7.825,178.0
982,2023-09-10,10.45,747.6,764.45,80.0,6.925,177.0
983,2023-09-11,13.2,744.9250000000001,761.55,66.25,6.575,176.0
984,2023-09-12,10.675,741.725,758.45,77.25,6.6499999999999995,176.0
985,2023-09-13,12.6,742.35,758.975,92.25,11.325000000000001,176.0
986,2023-09-14,13.8,745.925,762.55,84.5,11.075,177.0
987,2023-09-15,12.125,746.8499999999999,763.5749999999999,84.5,9.375,178.0
988,2023-09-16,13.625,747.025,763.65,75.5,8.675,177.0
989,2023-09-17,13.675,747.8,764.4250000000001,73.25,8.325,177.0
990,2023-09-18,13.025,748.5,765.225,77.5,8.85,177.0
991,2023-09-19,13.600000000000001,747.6,764.25,75.5,8.8,176.0
992,2023-09-20,13.25,746.3499999999999,763.025,75.25,8.5,176.0
993,2023-09-21,14.825,746.5999999999999,763.125,72.0,9.075,176.0
994,2023-09-22,13.55,744.55,761.15,74.25,8.399999999999999,176.0
995,2023-09-23,14.633333333333333,738.4,754.8000000000001,65.66666666666667,7.7,176.0
996,2023-09-24,7.325,745.825,762.825,67.0,1.35,176.0
997,2023-09-25,5.95,749.175,766.35,73.75,1.2000000000000002,177.0
998,2023-09-26,6.125,751.25,768.475,76.0,2.0,177.0
999,2023-09-27,8.825,751.425,768.475,73.5,4.175,176.0
1000,2023-09-28,6.366666666666667,748.5,765.6,85.33333333333333,3.9333333333333336,176.0
1001,2023-09-29,9.275,744.675,761.55,76.25,4.9,176.0
1002,2023-09-30,8.5,745.3000000000001,762.2333333333332,79.33333333333333,4.666666666666667,176.0
1003,2023-10-01,2.733333333333334,747.6,764.9666666666667,77.0,-1.0333333333333332,177.0
1004,2023-10-02,2.5999999999999996,751.0,768.45,63.75,-3.875,176.0
1005,2023-10-03,7.533333333333334,750.1999999999999,767.3333333333334,71.0,2.1999999999999997,176.0
1006,2023-10-04,6.6000000000000005,750.5666666666666,767.8000000000001,78.66666666666667,2.766666666666667,177.0
1007,2023-10-05,9.914285714285713,749.6428571428571,766.5714285714286,66.57142857142857,3.4857142857142853,177.0
1008,2023-10-06,10.875,749.225,766.15,61.5,3.625,176.0
1009,2023-10-07,9.25,748.6999999999999,765.65,68.75,3.175,177.0
1010,2023-10-08,8.1,748.15,765.2,71.5,2.725,177.0
1011,2023-10-09,11.225,748.975,765.8,71.5,5.725,177.0
1012,2023-10-10,14.05,750.625,767.375,66.25,7.425,177.0
1013,2023-10-11,10.266666666666667,746.8666666666667,763.7666666666668,77.66666666666667,6.033333333333334,177.0
1014,2023-10-12,13.65,746.425,763.1,46.0,2.075,175.0
1015,2023-10-13,4.825,746.075,763.25,90.75,3.45,145.0
1016,2023-10-14,7.033333333333332,748.1,765.2333333333332,64.0,0.3666666666666667,145.0
1017,2023-10-15,6.075,743.05,760.125,65.0,-0.45,147.0
1018,2023-10-16,6.2,746.0,763.0999999999999,82.5,3.3499999999999996,147.0
1019,2023-10-17,6.199999999999999,747.3,764.425,83.5,3.55,147.0
1020,2023-10-18,9.875,752.925,769.925,79.25,6.4,150.0
1021,2023-10-19,9.775,750.65,767.625,79.75,6.05,150.0
1022,2023-10-20,9.9,750.75,767.725,62.0,2.55,149.0
1023,2023-10-21,3.033333333333333,745.7666666666668,763.1,83.0,0.13333333333333333,147.0
1024,2023-10-22,5.9,742.4749999999999,759.575,53.0,-3.25,147.0
1025,2023-10-23,7.166666666666667,731.8666666666667,748.6,64.0,0.7666666666666666,147.0
1026,2023-10-24,0.050000000000000044,744.975,762.45,76.5,-3.825,148.0
1027,2023-10-25,2.5500000000000003,743.15,760.45,77.25,-1.1,147.5
1028,2023-10-26,10.425,736.35,753.0,49.0,-0.19999999999999993,147.0
1029,2023-10-27,5.675,737.725,754.675,43.5,-6.625,167.0
1030,2023-10-28,-2.975,751.6500000000001,769.55,57.75,-10.3,175.0
1031,2023-10-29,-4.5,753.25,771.25,81.5,-7.25,177.0
1032,2023-10-30,-7.275,747.4,765.425,88.25,-8.925,179.0
1033,2023-10-31,-4.5,744.6999999999999,762.5,72.66666666666667,-9.0,178.0
1034,2023-11-01,-6.15,747.725,765.7,75.25,-9.875,176.0
1035,2023-11-02,-4.975,745.8,763.575,84.75,-7.175000000000001,175.0
1036,2023-11-03,-4.825,749.225,767.1500000000001,86.75,-6.75,176.0
1037,2023-11-04,-5.325,756.35,774.475,71.75,-9.925,176.0
1038,2023-11-05,-0.95,743.975,761.475,70.75,-5.8,178.0
1039,2023-11-06,-3.675,749.625,767.5,74.0,-7.775,178.0
1040,2023-11-07,-5.7250000000000005,750.675,768.65,82.75,-8.225,179.0
1041,2023-11-08,-6.725,757.5,775.725,77.25,-10.225,178.0
1042,2023-11-09,-9.95,757.725,776.225,74.5,-13.75,177.0
1043,2023-11-10,-10.975000000000001,760.05,778.675,78.25,-14.15,177.0
1044,2023-11-11,-8.65,760.425,778.875,87.75,-10.375,145.0
1045,2023-11-12,-4.514285714285714,755.4,773.4428571428572,86.71428571428571,-6.5,127.0
1046,2023-11-13,1.133333333333333,750.6999999999999,768.2166666666667,72.83333333333333,-3.5333333333333337,125.0
1047,2023-11-14,0.9,753.1,770.7125,76.875,-2.825,125.0
1048,2023-11-15,-0.35,756.1625,773.9125,81.875,-3.1500000000000004,125.0
1049,2023-11-16,5.525,744.125,761.2375,55.75,-2.925,125.0
1050,2023-11-17,5.0125,742.45,759.55,73.75,0.08750000000000013,127.0
1051,2023-11-18,2.475,743.6625,760.95,79.25,-0.825,130.0
1052,2023-11-19,6.9,730.5125,747.2125,58.875,-0.9,127.0
1053,2023-11-20,-5.275,747.85,765.775,59.0,-12.35,126.0
1054,2023-11-21,-14.6,760.4,779.3,62.0,-20.3,126.0
1055,2023-11-22,-15.933333333333332,764.4333333333334,783.5333333333333,83.66666666666667,-18.099999999999998,125.0
1056,2023-11-23,-15.125,757.775,776.5875,72.375,-19.075,125.0
1057,2023-11-24,-13.7875,750.3875,768.9625,80.125,-16.5125,125.0
1058,2023-11-25,-9.3375,745.925,764.0500000000001,89.875,-10.6875,127.0
1059,2023-11-26,-8.1,755.125,773.4125,92.0,-9.2125,127.0
1060,2023-11-27,-11.3,758.975,777.575,88.125,-12.9125,126.0
1061,2023-11-28,-13.75,765.1625,784.0875,87.625,-15.425,126.0
1062,2023-11-29,-17.825,763.6875,782.875,83.0,-20.0625,126.0
1063,2023-11-30,-15.125,755.575,774.3875,87.875,-16.6875,127.0
1064,2023-12-01,-4.975,751.025,768.9625,91.375,-6.2,125.0
1065,2023-12-02,-0.8875,746.0,763.55,86.25,-2.95,125.0
1066,2023-12-03,-1.7125,738.6,756.0625,81.25,-4.5625,125.66666666666667
1067,2023-12-04,-2.675,730.6625,747.9625,73.375,-6.875,126.33333333333333
1068,2023-12-05,-16.65,750.1625,768.975,71.75,-20.675,127.0
1069,2023-12-06,-17.787499999999998,738.0,756.5375,83.25,-19.9625,127.0
1070,2023-12-07,-22.725,743.3625,762.45,82.5,-24.95,127.0
1071,2023-12-08,-24.975,756.25,775.8125,79.875,-27.45,127.0
1072,2023-12-09,-28.025,762.0,781.9375,76.75,-30.8625,123.0
1073,2023-12-10,-31.3875,765.975,786.3625,73.125,-34.575,123.0
1074,2023-12-11,-32.31666666666667,763.7666666666668,784.1333333333333,71.66666666666667,-35.666666666666664,122.0
1075,2023-12-12,-33.2125,763.6625,784.1,70.5,-36.7125,121.0
1076,2023-12-13,-27.775,772.775,792.9125,75.875,-30.7125,119.33333333333333
1077,2023-12-14,-20.1375,771.675,791.25,77.5,-23.1,117.66666666666667
1078,2023-12-15,-18.175,767.15,786.45,71.875,-22.025,116.0
1079,2023-12-16,-14.2,757.4875,776.2875,73.75,-17.9875,117.0
1080,2023-12-17,-20.6375,763.35,782.75,77.125,-23.6125,117.0
1081,2023-12-18,-26.275,770.85,790.925,76.625,-29.1875,117.0
1082,2023-12-19,-26.860000000000003,767.1600000000001,787.1800000000001,75.8,-29.860000000000003,117.0
1083,2023-12-20,-23.1625,758.6125,778.125,80.875,-25.525,118.0
1084,2023-12-21,-9.2875,756.85,775.3,74.625,-13.15,119.0
1085,2023-12-22,-4.55,754.8625,772.875,76.0,-8.1875,119.0
1086,2023-12-23,-0.1875,752.9625,770.625,80.125,-3.2875,119.0
1087,2023-12-24,-4.0375,750.5,768.4125,81.875,-6.8125,118.0
1088,2023-12-25,-4.725,751.4875,769.425,86.5,-6.6875,118.0
1089,2023-12-26,-7.9375,747.85,765.9375,90.75,-9.25,118.0
1090,2023-12-27,-3.757142857142857,749.5857142857143,767.4428571428572,84.85714285714286,-6.1000000000000005,118.0
1091,2023-12-28,-9.2,747.0875,765.2625,93.0,-10.15,118.0
1092,2023-12-29,-1.5999999999999999,746.275,763.8875,78.25,-4.975,118.0
1093,2023-12-30,0.04999999999999999,742.4875,759.8875,62.625,-6.675,118.0
1094,2023-12-31,-1.6125,741.3125,758.8375,54.625,-9.7875,118.0
1095,2024-01-01,-5.9,744.85,762.75,72.0,-10.225,118.0
1096,2024-01-02,-3.75,738.8,756.4,81.25,-6.6625,118.0
1097,2024-01-03,-2.275,736.9375,754.375,86.0,-4.3625,118.0
1098,2024-01-04,-17.1,754.275,773.2,63.375,-22.5125,118.0
1099,2024-01-05,-23.975,754.725,774.1625,81.75,-26.2125,118.0
1100,2024-01-06,-7.8500000000000005,742.1625,760.1,77.125,-11.2,118.0
1101,2024-01-07,-7.4625,749.1125,767.1875,70.25,-12.1125,118.0
1102,2024-01-08,-13.049999999999999,744.0500000000001,762.4333333333334,87.33333333333333,-14.766666666666666,117.0
1103,2024-01-09,-3.1125,733.7,751.1375,52.0,-11.924999999999999,117.0
1104,2024-01-10,-14.825,747.4,766.025,59.75,-21.0375,117.0
1105,2024-01-11,-9.0,736.5375,754.425,57.625,-16.3,117.0
1106,2024-01-12,-10.7125,746.825,765.1,58.875,-17.5,117.0
1107,2024-01-13,-11.200000000000001,749.875,768.25,41.75,-21.825,117.0
1108,2024-01-14,-5.0375,739.925,757.6375,55.25,-13.05,118.0
1109,2024-01-15,-9.2125,745.775,763.9250000000001,49.75,-18.375,118.0
1110,2024-01-16,-15.1875,759.7,778.525,61.875,-21.025,118.0
1111,2024-01-17,-18.15,763.225,782.45,77.625,-21.212500000000002,117.0
1112,2024-01-18,-13.9125,765.35,784.3375,63.625,-19.5,113.0
1113,2024-01-19,-18.4125,766.6625,785.9875,83.625,-20.5375,113.0
1114,2024-01-20,-18.4,764.95,784.225,87.25,-20.0125,112.0
1115,2024-01-21,-16.1375,767.025,786.175,83.625,-18.325,112.0
1116,2024-01-22,-16.4875,766.4125,785.575,84.125,-18.6125,112.0
1117,2024-01-23,-16.7,761.05,780.125,84.125,-18.775,112.0
1118,2024-01-24,-12.6625,759.475,778.175,73.875,-16.6625,112.0
1119,2024-01-25,-9.975,755.3375,773.7375,67.0,-15.4,111.0
1120,2024-01-26,-9.575,754.7375,773.125,67.125,-14.6625,112.0
1121,2024-01-27,-13.1125,758.6125,777.325,78.75,-16.175,112.0
1122,2024-01-28,-14.4875,757.05,775.8125,80.0,-17.25,112.0
1123,2024-01-29,-17.2375,755.0625,774.0,71.625,-21.2375,112.0
1124,2024-01-30,-21.45,757.375,776.7375,78.75,-24.2,113.0
1125,2024-01-31,-22.8875,757.0125,776.4625,79.5,-25.475,113.0
1126,2024-02-01,-19.1625,756.0999999999999,775.225,83.75,-21.224999999999998,113.0
1127,2024-02-02,-15.1875,756.075,774.8875,85.625,-17.1,113.0
1128,2024-02-03,-14.2125,753.375,772.05,88.5,-15.725000000000001,128.0
1129,2024-02-04,-9.75,749.1625,767.4,81.875,-12.5125,128.0
1130,2024-02-05,-1.025,749.6125,767.2875,52.5,-9.675,128.0
1131,2024-02-06,-4.225,754.4625,772.475,73.5,-8.5625,127.0
1132,2024-02-07,-7.9625,752.2875,770.5,80.25,-11.1125,128.0
1133,2024-02-08,-11.3375,748.1375,766.4875000000001,85.875,-13.3,128.0
1134,2024-02-09,-3.375,744.35,762.2125,75.0,-7.2875,127.5
1135,2024-02-10,3.775,734.1,751.1,74.25,-0.6875,127.0
1136,2024-02-11,-5.575,735.35,752.975,65.25,-11.225,127.0
1137,2024-02-12,-10.6125,743.875,762.05,60.0,-17.0375,127.0
1138,2024-02-13,-13.975,755.15,773.85,58.0,-20.5875,127.0
1139,2024-02-14,-8.0375,746.7875,764.8375,57.75,-15.1375,127.0
1140,2024-02-15,-10.5875,735.9125,753.925,56.375,-17.724999999999998,127.0
1141,2024-02-16,-22.2875,744.7875,763.8625,61.0,-27.875,127.0
1142,2024-02-17,-22.3375,756.6875,776.0625,59.5,-28.1375,127.0
1143,2024-02-18,-22.5625,762.8125,782.3625,68.375,-26.825,127.0
1144,2024-02-19,-25.475,766.6875,786.575,70.625,-29.325,127.0
1145,2024-02-20,-23.7625,769.9625,789.7875,73.125,-27.35,128.0
1146,2024-02-21,-22.5375,766.275,785.8875,70.5,-26.5875,128.0
1147,2024-02-22,-20.2875,763.15,782.55,66.75,-25.2875,127.0
1148,2024-02-23,-20.0625,765.5,784.925,70.625,-24.175,127.0
1149,2024-02-24,-19.8,761.2,780.475,75.125,-23.2625,127.0
1150,2024-02-25,-16.875,758.725,777.75,69.0,-21.412499999999998,127.25
1151,2024-02-26,-15.025,760.15,779.0625,72.5,-19.1625,127.5
1152,2024-02-27,-16.8375,763.275,782.4125,71.625,-21.0375,127.75
1153,2024-02-28,-12.3875,762.275,781.0375,66.75,-17.8875,128.0
1154,2024-02-29,-6.125,753.6625,771.75,66.125,-11.75,127.0
1155,2024-03-01,-4.2375,750.9375,768.85,69.5,-9.0875,126.0
1156,2024-03-02,-5.825,749.2375,767.1875,78.375,-9.0875,127.0
1157,2024-03-03,-10.6625,750.2375,768.5875,78.75,-13.8625,127.0
1158,2024-03-04,-6.1375,748.4,766.375,63.875,-12.325,127.0
1159,2024-03-05,-4.5375,750.4375,768.3625,68.625,-9.7625,129.0
1160,2024-03-06,-0.8624999999999999,747.9875,765.6125,50.125,-10.425,127.0
1161,2024-03-07,0.15000000000000002,744.95,762.425,52.25,-9.55,128.0
1162,2024-03-08,-0.9125,746.0375,763.6,68.375,-6.4,128.0
1163,2024-03-09,-4.025,751.725,769.6375,62.625,-10.45,127.0
1164,2024-03-10,-2.0875,745.3625,763.05,65.625,-8.2625,127.0
1165,2024-03-11,2.7,744.65,761.975,59.75,-4.65,127.0
1166,2024-03-12,-0.925,747.1625,764.7625,53.5,-9.4125,127.0
1167,2024-03-13,-4.25,743.05,760.7625,74.375,-8.2875,127.0
1168,2024-03-14,-6.175,749.1125,767.125,74.875,-10.1375,128.0
1169,2024-03-15,-5.6,753.8125,771.875,58.0,-12.825,127.0
1170,2024-03-16,-4.825,754.6125,772.6625,59.625,-11.925,127.0
1171,2024-03-17,-1.6,748.85,766.55,76.5,-5.2875,129.0
1172,2024-03-18,1.5,749.625,767.1,72.125,-3.1,138.0
1173,2024-03-19,5.3375,744.9,762.0875,47.0,-5.9875,144.0
1174,2024-03-20,2.3125,738.675,755.875,75.75,-1.6749999999999998,144.0
1175,2024-03-21,-6.0625,741.325,759.1375,66.125,-12.2,144.0
1176,2024-03-22,-9.7625,745.575,763.75,63.875,-15.425,144.0
1177,2024-03-23,-3.325,744.65,762.35,64.875,-9.525,144.0
1178,2024-03-24,3.1374999999999997,743.1999999999999,760.45,48.5,-7.0625,147.0
1179,2024-03-25,4.4875,741.2,758.3125,46.125,-7.0874999999999995,161.0
1180,2024-03-26,-2.5875,745.1125,762.7875,62.875,-9.2875,161.0
1181,2024-03-27,-5.05,751.225,769.2,49.5,-14.8125,160.0
1182,2024-03-28,1.0714285714285714,744.5571428571428,761.9571428571428,61.857142857142854,-5.785714285714286,160.0
1183,2024-03-29,1.4875,742.1374999999999,759.4625,80.5,-1.6749999999999998,160.0
1184,2024-03-30,5.65,740.7375,757.7375,68.625,-0.3375,160.0
1185,2024-03-31,3.4,740.925,758.0875,76.75,-0.425,163.0
1186,2024-04-01,0.4571428571428572,748.4714285714286,766.0285714285714,47.57142857142857,-10.557142857142859,161.0
1187,2024-04-02,1.3250000000000002,749.2875,766.8,63.625,-5.025,161.0
1188,2024-04-03,4.4625,747.0625,764.3,71.25,-0.6000000000000001,161.0
1189,2024-04-04,5.4125000000000005,746.9375,764.1125000000001,68.0,-0.21250000000000002,161.0
1190,2024-04-05,8.4875,748.5625,765.5625,64.25,1.875,161.0
1191,2024-04-06,10.725,747.4625,764.325,53.25,0.24999999999999997,162.0
1192,2024-04-07,6.5625,745.6125,762.6625,63.75,-0.725,162.0
1193,2024-04-08,-0.125,753.5,771.1875,43.5,-11.6375,164.0
1194,2024-04-09,8.5875,740.25,757.1125,43.125,-4.4625,164.0
1195,2024-04-10,6.9125,736.9875,753.8375,75.375,2.725,167.0
1196,2024-04-11,0.8375,741.95,759.2875,53.625,-8.675,166.0
1197,2024-04-12,-0.8142857142857143,742.6714285714286,760.1428571428571,37.42857142857143,-14.028571428571428,167.0
1198,2024-04-13,0.1749999999999997,746.525,764.075,41.125,-12.3125,173.0
1199,2024-04-14,7.375,740.0125,756.9125,60.0,-0.2124999999999999,173.0
1200,2024-04-15,11.216666666666667,737.8333333333334,754.4499999999999,66.16666666666667,4.966666666666667,173.0
1201,2024-04-16,3.88,751.4399999999999,768.8,40.6,-9.0,173.0
1202,2024-04-17,4.1375,753.525,770.9375,49.5,-7.0875,175.0
1203,2024-04-18,8.05,745.6875,762.6999999999999,50.125,-2.275,179.0
1204,2024-04-19,8.3,737.4,754.15,67.875,2.5124999999999997,181.0
1205,2024-04-20,1.7125,744.2875,761.625,82.125,-1.1,190.0
1206,2024-04-21,2.1875,752.8125,770.375,49.25,-8.137500000000001,184.0
1207,2024-04-22,3.025,741.7,758.9,70.5,-1.925,193.0
1208,2024-04-23,1.9000000000000001,741.8625,759.15,64.375,-4.9,190.0
1209,2024-04-24,-2.9625,746.975,764.6875,68.75,-8.1875,187.0
1210,2024-04-25,0.125,752.0875,769.75,48.25,-10.4875,187.0
1211,2024-04-26,5.25,753.0875,770.4625,46.25,-5.8125,185.0
1212,2024-04-27,7.65,752.7125,769.8875,47.25,-4.525,185.0
1213,2024-04-28,9.0625,747.7875,764.7625,43.125,-4.1375,185.0
1214,2024-04-29,11.525,737.7125,754.2875,55.125,1.5500000000000003,190.0
1215,2024-04-30,2.275,742.175,759.4125,60.0,-5.2,191.33333333333334
1216,2024-05-01,3.05,741.3875,758.575,45.875,-8.55,192.66666666666666
1217,2024-05-02,8.125,740.3625,757.2125,35.125,-7.2625,194.0
1218,2024-05-03,10.1375,739.225,755.925,61.625,2.55,194.0
1219,2024-05-04,6.1875,742.1875,759.2125,88.125,4.325,193.0
1220,2024-05-05,11.725,738.1875,754.75,74.25,6.5375,197.0
1221,2024-05-06,12.8,739.65,756.1625,65.0,5.5375,200.0
1222,2024-05-07,10.75,753.475,770.5,41.125,-4.2,201.0
1223,2024-05-08,12.4625,745.4375,762.15,37.75,-3.1125,201.0
1224,2024-05-09,12.25,749.0375,765.875,34.375,-3.8375,200.0
1225,2024-05-10,13.9125,745.575,762.225,35.875,-3.4125,197.0
1226,2024-05-11,19.462500000000002,740.275,756.475,40.625,5.2,196.0
1227,2024-05-12,14.9625,747.275,763.9,45.625,0.6125,198.0
